Id,EventType,Message,VideoId,EventName,ModifiedBy,ModifiedDate,Video_Token,ThreadId,Tags,Created,SubmissionDate,VideoCreatorId,Reply_To,Weight,Position,Duration,VideoResolution,Views,CommunityManagerNotes,Custom_Label,Video_State,Video_Type,IsDeleted
17282,Video,,2510,Created,System,7/2/2021 3:21:43 PM,r13cbf13da396dfcb6deece5601134d2,1734,,7/2/2021 3:21:08 PM,7/2/2021 3:21:24 PM,,0,0,1,5.5600000000000005,432x697,0,,,Created,Normal,False
17285,Video,,2510,CustomLabel,35eda971-7641-4b3d-be98-36b65e74511d,7/2/2021 3:32:16 PM,r13cbf13da396dfcb6deece5601134d2,1734,,7/2/2021 3:21:08 PM,7/2/2021 3:21:24 PM,,0,0,1,5.5600000000000005,432x697,0,,David proba,Created,Normal,False
17405,Video,,2513,Created,System,7/8/2021 4:18:52 PM,r1f654886afdd1433c5ee1167b831de6,1734,,7/8/2021 4:18:19 PM,7/8/2021 4:18:35 PM,,0,0,2,10.72,384x768,0,,,Created,Normal,False
17406,Video,,2513,CustomLabel,35eda971-7641-4b3d-be98-36b65e74511d,7/8/2021 4:19:44 PM,r1f654886afdd1433c5ee1167b831de6,1734,,7/8/2021 4:18:19 PM,7/8/2021 4:18:35 PM,,0,0,2,10.72,384x768,0,,Sztraka Andrea,Created,Normal,False
17407,Video,,2513,CustomLabel,35eda971-7641-4b3d-be98-36b65e74511d,7/8/2021 4:19:54 PM,r1f654886afdd1433c5ee1167b831de6,1734,,7/8/2021 4:18:19 PM,7/8/2021 4:18:35 PM,,0,0,2,10.72,384x768,0,,,Created,Normal,False
17408,Video,,2513,Publish,35eda971-7641-4b3d-be98-36b65e74511d,7/8/2021 4:22:29 PM,r1f654886afdd1433c5ee1167b831de6,1734,,7/8/2021 4:18:19 PM,7/8/2021 4:18:35 PM,,0,0,2,10.72,384x768,0,,,Published,Normal,False
17409,Video,,2510,Delete,35eda971-7641-4b3d-be98-36b65e74511d,7/8/2021 4:22:51 PM,r13cbf13da396dfcb6deece5601134d2,1734,,7/2/2021 3:21:08 PM,7/2/2021 3:21:24 PM,,0,0,1,5.5600000000000005,432x697,0,,David proba,Created,Normal,True
17410,Video,,2513,CustomLabel,35eda971-7641-4b3d-be98-36b65e74511d,7/8/2021 4:26:57 PM,r1f654886afdd1433c5ee1167b831de6,1734,,7/8/2021 4:18:19 PM,7/8/2021 4:18:35 PM,,0,0,2,10.72,384x768,0,,Civil szervezeteket támogatok,Published,Normal,False
17411,Video,,2513,CustomLabel,35eda971-7641-4b3d-be98-36b65e74511d,7/8/2021 4:27:25 PM,r1f654886afdd1433c5ee1167b831de6,1734,,7/8/2021 4:18:19 PM,7/8/2021 4:18:35 PM,,0,0,2,10.72,384x768,0,,Támogass civil sz,Published,Normal,False
17413,Video,,2513,CustomLabel,35eda971-7641-4b3d-be98-36b65e74511d,7/8/2021 4:29:54 PM,r1f654886afdd1433c5ee1167b831de6,1734,,7/8/2021 4:18:19 PM,7/8/2021 4:18:35 PM,,0,0,2,10.72,384x768,0,,Támogass civilszerevezeteket,Published,Normal,False
17414,Video,,2513,CustomLabel,35eda971-7641-4b3d-be98-36b65e74511d,7/8/2021 4:30:24 PM,r1f654886afdd1433c5ee1167b831de6,1734,,7/8/2021 4:18:19 PM,7/8/2021 4:18:35 PM,,0,0,2,10.72,384x768,0,,Támogass civil szerevezeteket,Published,Normal,False
17415,Video,,2513,CustomLabel,35eda971-7641-4b3d-be98-36b65e74511d,7/8/2021 4:31:14 PM,r1f654886afdd1433c5ee1167b831de6,1734,,7/8/2021 4:18:19 PM,7/8/2021 4:18:35 PM,,0,0,2,10.72,384x768,0,,Civil szervezeteket támogatok,Published,Normal,False
17416,Video,,2513,CustomLabel,35eda971-7641-4b3d-be98-36b65e74511d,7/8/2021 4:31:26 PM,r1f654886afdd1433c5ee1167b831de6,1734,,7/8/2021 4:18:19 PM,7/8/2021 4:18:35 PM,,0,0,2,10.72,384x768,0,,Civil szervezetek támogatása,Published,Normal,False
17417,Video,,2513,CustomLabel,35eda971-7641-4b3d-be98-36b65e74511d,7/8/2021 4:31:39 PM,r1f654886afdd1433c5ee1167b831de6,1734,,7/8/2021 4:18:19 PM,7/8/2021 4:18:35 PM,,0,0,2,10.72,384x768,0,,Támogass civil szervezeteket,Published,Normal,False
17423,Video,,2514,Created,System,7/9/2021 9:46:16 AM,r12e27537bbbd76a9cb60ddcc567df8a,1734,,7/9/2021 8:23:16 AM,7/9/2021 8:23:23 AM,,0,0,3,8.67,360x480,0,,,Created,Normal,False
17424,Video,,2514,CustomLabel,35eda971-7641-4b3d-be98-36b65e74511d,7/9/2021 9:47:14 AM,r12e27537bbbd76a9cb60ddcc567df8a,1734,,7/9/2021 8:23:16 AM,7/9/2021 8:23:23 AM,,0,0,3,8.67,360x480,0,,"Adományozz, önkénteskedj!",Created,Normal,False
17425,Video,,2514,Publish,35eda971-7641-4b3d-be98-36b65e74511d,7/9/2021 9:47:15 AM,r12e27537bbbd76a9cb60ddcc567df8a,1734,,7/9/2021 8:23:16 AM,7/9/2021 8:23:23 AM,,0,0,3,8.67,360x480,0,,"Adományozz, önkénteskedj!",Published,Normal,False
17426,Video,,2513,CustomLabel,35eda971-7641-4b3d-be98-36b65e74511d,7/9/2021 9:47:30 AM,r1f654886afdd1433c5ee1167b831de6,1734,,7/8/2021 4:18:19 PM,7/8/2021 4:18:35 PM,,0,0,2,10.72,384x768,0,,Vállald fel önmagad!ámogass civil szervezeteket,Published,Normal,False
17427,Video,,2513,CustomLabel,35eda971-7641-4b3d-be98-36b65e74511d,7/9/2021 9:47:37 AM,r1f654886afdd1433c5ee1167b831de6,1734,,7/8/2021 4:18:19 PM,7/8/2021 4:18:35 PM,,0,0,2,10.72,384x768,0,,Vállald fel önmagad!Támogass civil szervezeteket,Published,Normal,False
17428,Video,,2513,CustomLabel,35eda971-7641-4b3d-be98-36b65e74511d,7/9/2021 9:47:58 AM,r1f654886afdd1433c5ee1167b831de6,1734,,7/8/2021 4:18:19 PM,7/8/2021 4:18:35 PM,,0,0,2,10.72,384x768,0,,Vállald fel önmagad! Támogass civil szervezeteket,Published,Normal,False
17429,Video,,2514,CustomLabel,35eda971-7641-4b3d-be98-36b65e74511d,7/9/2021 9:48:13 AM,r12e27537bbbd76a9cb60ddcc567df8a,1734,,7/9/2021 8:23:16 AM,7/9/2021 8:23:23 AM,,0,0,3,8.67,360x480,0,,Önkénteskedj!,Published,Normal,False
17430,Video,,2513,CustomLabel,35eda971-7641-4b3d-be98-36b65e74511d,7/9/2021 9:48:31 AM,r1f654886afdd1433c5ee1167b831de6,1734,,7/8/2021 4:18:19 PM,7/8/2021 4:18:35 PM,,0,0,2,10.72,384x768,0,,Támogass civil szervezeteket,Published,Normal,False
17431,Video,,2513,CustomLabel,35eda971-7641-4b3d-be98-36b65e74511d,7/9/2021 9:48:41 AM,r1f654886afdd1433c5ee1167b831de6,1734,,7/8/2021 4:18:19 PM,7/8/2021 4:18:35 PM,,0,0,2,10.72,384x768,0,,Támogass civil szervezeteket!,Published,Normal,False
17432,Video,,2513,CustomLabel,35eda971-7641-4b3d-be98-36b65e74511d,7/9/2021 9:53:36 AM,r1f654886afdd1433c5ee1167b831de6,1734,,7/8/2021 4:18:19 PM,7/8/2021 4:18:35 PM,,0,0,2,10.72,384x768,0,,Támogass civil szervezeteket...,Published,Normal,False
17433,Video,,2514,CustomLabel,35eda971-7641-4b3d-be98-36b65e74511d,7/9/2021 9:53:47 AM,r12e27537bbbd76a9cb60ddcc567df8a,1734,,7/9/2021 8:23:16 AM,7/9/2021 8:23:23 AM,,0,0,3,8.67,360x480,0,,Önkénteskedj...,Published,Normal,False
17434,Video,,2515,Created,System,7/9/2021 10:06:42 AM,r1b999fa6a7ad6e0495d19291ad178f6,1734,,7/9/2021 10:05:43 AM,7/9/2021 10:06:05 AM,,0,0,4,10.52,432x324,0,,,Created,Normal,False
17435,Video,,2515,CustomLabel,35eda971-7641-4b3d-be98-36b65e74511d,7/9/2021 10:08:57 AM,r1b999fa6a7ad6e0495d19291ad178f6,1734,,7/9/2021 10:05:43 AM,7/9/2021 10:06:05 AM,,0,0,4,10.52,432x324,0,,"Mutass példát, legyél elfogadó...",Created,Normal,False
17436,Video,,2515,Publish,35eda971-7641-4b3d-be98-36b65e74511d,7/9/2021 10:09:01 AM,r1b999fa6a7ad6e0495d19291ad178f6,1734,,7/9/2021 10:05:43 AM,7/9/2021 10:06:05 AM,,0,0,4,10.52,432x324,0,,"Mutass példát, legyél elfogadó...",Published,Normal,False
17437,Video,,2516,Created,System,7/9/2021 10:47:29 AM,r1f6f314815ca09e6789638a972f3bf6,1734,,7/9/2021 10:46:49 AM,7/9/2021 10:47:07 AM,,0,0,5,8.37,432x697,0,,,Created,Normal,False
17438,Video,,2516,CustomLabel,35eda971-7641-4b3d-be98-36b65e74511d,7/9/2021 10:48:14 AM,r1f6f314815ca09e6789638a972f3bf6,1734,,7/9/2021 10:46:49 AM,7/9/2021 10:47:07 AM,,0,0,5,8.37,432x697,0,,Vedd ki a részed!,Created,Normal,False
17439,Video,,2516,CustomLabel,35eda971-7641-4b3d-be98-36b65e74511d,7/9/2021 10:48:40 AM,r1f6f314815ca09e6789638a972f3bf6,1734,,7/9/2021 10:46:49 AM,7/9/2021 10:47:07 AM,,0,0,5,8.37,432x697,0,,"Vedd ki a részed, önkénteskedj!",Created,Normal,False
17440,Video,,2516,Publish,35eda971-7641-4b3d-be98-36b65e74511d,7/9/2021 10:48:41 AM,r1f6f314815ca09e6789638a972f3bf6,1734,,7/9/2021 10:46:49 AM,7/9/2021 10:47:07 AM,,0,0,5,8.37,432x697,0,,"Vedd ki a részed, önkénteskedj!",Published,Normal,False
17441,Video,,2516,CustomLabel,35eda971-7641-4b3d-be98-36b65e74511d,7/9/2021 10:49:30 AM,r1f6f314815ca09e6789638a972f3bf6,1734,,7/9/2021 10:46:49 AM,7/9/2021 10:47:07 AM,,0,0,5,8.37,432x697,0,,"Vedd ki a részed, önkénteskedj....",Published,Normal,False
17442,Video,,2516,CustomLabel,35eda971-7641-4b3d-be98-36b65e74511d,7/9/2021 11:08:22 AM,r1f6f314815ca09e6789638a972f3bf6,1734,,7/9/2021 10:46:49 AM,7/9/2021 10:47:07 AM,,0,0,5,8.37,432x697,0,,"Vedd ki a részed, önkénteskedj!",Published,Normal,False
17443,Video,,2515,CustomLabel,35eda971-7641-4b3d-be98-36b65e74511d,7/9/2021 11:08:28 AM,r1b999fa6a7ad6e0495d19291ad178f6,1734,,7/9/2021 10:05:43 AM,7/9/2021 10:06:05 AM,,0,0,4,10.52,432x324,0,,"Mutass példát, legyél elfogadó!",Published,Normal,False
17444,Video,,2514,CustomLabel,35eda971-7641-4b3d-be98-36b65e74511d,7/9/2021 11:08:31 AM,r12e27537bbbd76a9cb60ddcc567df8a,1734,,7/9/2021 8:23:16 AM,7/9/2021 8:23:23 AM,,0,0,3,8.67,360x480,0,,Önkénteskedj!,Published,Normal,False
17445,Video,,2513,CustomLabel,35eda971-7641-4b3d-be98-36b65e74511d,7/9/2021 11:08:51 AM,r1f654886afdd1433c5ee1167b831de6,1734,,7/8/2021 4:18:19 PM,7/8/2021 4:18:35 PM,,0,0,2,10.72,384x768,0,,Légy önmagad! Támogass civil szervezeteket!,Published,Normal,False
17447,Video,,2517,Created,System,7/9/2021 11:18:01 AM,r151dcc1e552e2df758ad22c9311fe3e,1734,,7/9/2021 11:17:30 AM,7/9/2021 11:17:38 AM,,0,0,6,9.64,360x480,0,,,Created,Normal,False
17448,Video,,2517,CustomLabel,35eda971-7641-4b3d-be98-36b65e74511d,7/9/2021 11:20:32 AM,r151dcc1e552e2df758ad22c9311fe3e,1734,,7/9/2021 11:17:30 AM,7/9/2021 11:17:38 AM,,0,0,6,9.64,360x480,0,,Beszélgess az emberi jogokról!,Created,Normal,False
17449,Video,,2517,Publish,35eda971-7641-4b3d-be98-36b65e74511d,7/9/2021 11:20:34 AM,r151dcc1e552e2df758ad22c9311fe3e,1734,,7/9/2021 11:17:30 AM,7/9/2021 11:17:38 AM,,0,0,6,9.64,360x480,0,,Beszélgess az emberi jogokról!,Published,Normal,False
17450,Video,,2518,Created,System,7/9/2021 11:34:36 AM,r18111b9a8f090bd79e50119a118d911,1734,,7/9/2021 11:32:52 AM,7/9/2021 11:33:16 AM,,0,0,7,14.16,432x697,0,,,Created,Normal,False
17451,Video,,2518,CustomLabel,35eda971-7641-4b3d-be98-36b65e74511d,7/9/2021 11:36:18 AM,r18111b9a8f090bd79e50119a118d911,1734,,7/9/2021 11:32:52 AM,7/9/2021 11:33:16 AM,,0,0,7,14.16,432x697,0,,Önkénteskedj! Vállald fel magad! Érzékenyítsd a környezeted!,Created,Normal,False
17452,Video,,2518,Publish,35eda971-7641-4b3d-be98-36b65e74511d,7/9/2021 11:36:21 AM,r18111b9a8f090bd79e50119a118d911,1734,,7/9/2021 11:32:52 AM,7/9/2021 11:33:16 AM,,0,0,7,14.16,432x697,0,,Önkénteskedj! Vállald fel magad! Érzékenyítsd a környezeted!,Published,Normal,False
17453,Video,,2516,PositionChange,ced6b967-533d-4615-bc78-413ec0691e89,7/9/2021 11:42:54 AM,r1f6f314815ca09e6789638a972f3bf6,1734,,7/9/2021 10:46:49 AM,7/9/2021 10:47:07 AM,,0,0,6,8.37,432x697,0,,"Vedd ki a részed, önkénteskedj!",Published,Normal,False
17454,Video,,2517,PositionChange,ced6b967-533d-4615-bc78-413ec0691e89,7/9/2021 11:42:54 AM,r151dcc1e552e2df758ad22c9311fe3e,1734,,7/9/2021 11:17:30 AM,7/9/2021 11:17:38 AM,,0,0,5,9.64,360x480,0,,Beszélgess az emberi jogokról!,Published,Normal,False
17455,Video,,2514,PositionChange,ced6b967-533d-4615-bc78-413ec0691e89,7/9/2021 11:42:56 AM,r12e27537bbbd76a9cb60ddcc567df8a,1734,,7/9/2021 8:23:16 AM,7/9/2021 8:23:23 AM,,0,0,4,8.67,360x480,0,,Önkénteskedj!,Published,Normal,False
17456,Video,,2515,PositionChange,ced6b967-533d-4615-bc78-413ec0691e89,7/9/2021 11:42:56 AM,r1b999fa6a7ad6e0495d19291ad178f6,1734,,7/9/2021 10:05:43 AM,7/9/2021 10:06:05 AM,,0,0,3,10.52,432x324,0,,"Mutass példát, legyél elfogadó!",Published,Normal,False
17457,Video,,2514,PositionChange,ced6b967-533d-4615-bc78-413ec0691e89,7/9/2021 11:42:57 AM,r12e27537bbbd76a9cb60ddcc567df8a,1734,,7/9/2021 8:23:16 AM,7/9/2021 8:23:23 AM,,0,0,5,8.67,360x480,0,,Önkénteskedj!,Published,Normal,False
17458,Video,,2517,PositionChange,ced6b967-533d-4615-bc78-413ec0691e89,7/9/2021 11:42:57 AM,r151dcc1e552e2df758ad22c9311fe3e,1734,,7/9/2021 11:17:30 AM,7/9/2021 11:17:38 AM,,0,0,4,9.64,360x480,0,,Beszélgess az emberi jogokról!,Published,Normal,False
17459,Video,,2514,PositionChange,ced6b967-533d-4615-bc78-413ec0691e89,7/9/2021 11:42:58 AM,r12e27537bbbd76a9cb60ddcc567df8a,1734,,7/9/2021 8:23:16 AM,7/9/2021 8:23:23 AM,,0,0,4,8.67,360x480,0,,Önkénteskedj!,Published,Normal,False
17460,Video,,2517,PositionChange,ced6b967-533d-4615-bc78-413ec0691e89,7/9/2021 11:42:58 AM,r151dcc1e552e2df758ad22c9311fe3e,1734,,7/9/2021 11:17:30 AM,7/9/2021 11:17:38 AM,,0,0,5,9.64,360x480,0,,Beszélgess az emberi jogokról!,Published,Normal,False
17461,Video,,2514,PositionChange,ced6b967-533d-4615-bc78-413ec0691e89,7/9/2021 11:42:59 AM,r12e27537bbbd76a9cb60ddcc567df8a,1734,,7/9/2021 8:23:16 AM,7/9/2021 8:23:23 AM,,0,0,3,8.67,360x480,0,,Önkénteskedj!,Published,Normal,False
17462,Video,,2515,PositionChange,ced6b967-533d-4615-bc78-413ec0691e89,7/9/2021 11:42:59 AM,r1b999fa6a7ad6e0495d19291ad178f6,1734,,7/9/2021 10:05:43 AM,7/9/2021 10:06:05 AM,,0,0,4,10.52,432x324,0,,"Mutass példát, legyél elfogadó!",Published,Normal,False
17463,Video,,2519,Created,System,7/9/2021 11:43:23 AM,r1c47317ddabb2c280e05a43b36f2a87,1734,,7/9/2021 11:42:30 AM,7/9/2021 11:42:44 AM,,0,0,8,13.41,360x480,0,,,Created,Normal,False
17464,Video,,2519,CustomLabel,35eda971-7641-4b3d-be98-36b65e74511d,7/9/2021 11:44:43 AM,r1c47317ddabb2c280e05a43b36f2a87,1734,,7/9/2021 11:42:30 AM,7/9/2021 11:42:44 AM,,0,0,8,13.41,360x480,0,,"Legyél emberi jogi aktivista! ",Created,Normal,False
17465,Video,,2519,CustomLabel,35eda971-7641-4b3d-be98-36b65e74511d,7/9/2021 11:45:35 AM,r1c47317ddabb2c280e05a43b36f2a87,1734,,7/9/2021 11:42:30 AM,7/9/2021 11:42:44 AM,,0,0,8,13.41,360x480,0,,"Legyél emberi jogi aktivista! Légy önmagad, és ne kérj érte bocsánatot!",Created,Normal,False
17466,Video,,2519,Publish,35eda971-7641-4b3d-be98-36b65e74511d,7/9/2021 11:49:46 AM,r1c47317ddabb2c280e05a43b36f2a87,1734,,7/9/2021 11:42:30 AM,7/9/2021 11:42:44 AM,,0,0,8,13.41,360x480,0,,"Legyél emberi jogi aktivista! Légy önmagad, és ne kérj érte bocsánatot!",Published,Normal,False
17467,Video,,2518,PositionChange,ced6b967-533d-4615-bc78-413ec0691e89,7/9/2021 11:51:28 AM,r18111b9a8f090bd79e50119a118d911,1734,,7/9/2021 11:32:52 AM,7/9/2021 11:33:16 AM,,0,0,8,14.16,432x697,0,,Önkénteskedj! Vállald fel magad! Érzékenyítsd a környezeted!,Published,Normal,False
17468,Video,,2519,PositionChange,ced6b967-533d-4615-bc78-413ec0691e89,7/9/2021 11:51:28 AM,r1c47317ddabb2c280e05a43b36f2a87,1734,,7/9/2021 11:42:30 AM,7/9/2021 11:42:44 AM,,0,0,7,13.41,360x480,0,,"Legyél emberi jogi aktivista! Légy önmagad, és ne kérj érte bocsánatot!",Published,Normal,False
17469,Video,,2516,PositionChange,ced6b967-533d-4615-bc78-413ec0691e89,7/9/2021 11:51:29 AM,r1f6f314815ca09e6789638a972f3bf6,1734,,7/9/2021 10:46:49 AM,7/9/2021 10:47:07 AM,,0,0,7,8.37,432x697,0,,"Vedd ki a részed, önkénteskedj!",Published,Normal,False
17470,Video,,2519,PositionChange,ced6b967-533d-4615-bc78-413ec0691e89,7/9/2021 11:51:29 AM,r1c47317ddabb2c280e05a43b36f2a87,1734,,7/9/2021 11:42:30 AM,7/9/2021 11:42:44 AM,,0,0,6,13.41,360x480,0,,"Legyél emberi jogi aktivista! Légy önmagad, és ne kérj érte bocsánatot!",Published,Normal,False
17471,Video,,2515,PositionChange,ced6b967-533d-4615-bc78-413ec0691e89,7/9/2021 11:51:34 AM,r1b999fa6a7ad6e0495d19291ad178f6,1734,,7/9/2021 10:05:43 AM,7/9/2021 10:06:05 AM,,0,0,5,10.52,432x324,0,,"Mutass példát, legyél elfogadó!",Published,Normal,False
17472,Video,,2517,PositionChange,ced6b967-533d-4615-bc78-413ec0691e89,7/9/2021 11:51:34 AM,r151dcc1e552e2df758ad22c9311fe3e,1734,,7/9/2021 11:17:30 AM,7/9/2021 11:17:38 AM,,0,0,4,9.64,360x480,0,,Beszélgess az emberi jogokról!,Published,Normal,False
17473,Video,,2515,PositionChange,ced6b967-533d-4615-bc78-413ec0691e89,7/9/2021 11:51:36 AM,r1b999fa6a7ad6e0495d19291ad178f6,1734,,7/9/2021 10:05:43 AM,7/9/2021 10:06:05 AM,,0,0,6,10.52,432x324,0,,"Mutass példát, legyél elfogadó!",Published,Normal,False
17474,Video,,2519,PositionChange,ced6b967-533d-4615-bc78-413ec0691e89,7/9/2021 11:51:36 AM,r1c47317ddabb2c280e05a43b36f2a87,1734,,7/9/2021 11:42:30 AM,7/9/2021 11:42:44 AM,,0,0,5,13.41,360x480,0,,"Legyél emberi jogi aktivista! Légy önmagad, és ne kérj érte bocsánatot!",Published,Normal,False
17475,Video,,2520,Created,System,7/9/2021 12:06:00 PM,r130b59ca6382da866bcbffbe8272b42,1734,,7/9/2021 12:05:24 PM,7/9/2021 12:05:41 PM,,0,0,9,6.46,432x697,0,,,Created,Normal,False
17476,Video,,2521,Created,System,7/9/2021 12:21:15 PM,r10a5c64f2221dfde76643ae81786afb,1734,,7/9/2021 12:20:42 PM,7/9/2021 12:20:55 PM,office@amnesty.hu,0,0,10,3.4,432x697,0,,,Created,Normal,False
17477,Video,,2521,Delete,ced6b967-533d-4615-bc78-413ec0691e89,7/9/2021 12:25:06 PM,r10a5c64f2221dfde76643ae81786afb,1734,,7/9/2021 12:20:42 PM,7/9/2021 12:20:55 PM,Email provided,0,0,10,3.4,432x697,0,,,Created,Normal,True
17478,Video,,2520,Delete,ced6b967-533d-4615-bc78-413ec0691e89,7/9/2021 12:25:07 PM,r130b59ca6382da866bcbffbe8272b42,1734,,7/9/2021 12:05:24 PM,7/9/2021 12:05:41 PM,,0,0,9,6.46,432x697,0,,,Created,Normal,True
17480,Video,,2522,Created,System,7/9/2021 3:56:38 PM,r14b794fff2ad45ab56d9404b73c2a79,1734,,7/9/2021 3:55:26 PM,7/9/2021 3:55:34 PM,,0,0,11,17.97,360x480,0,,,Created,Normal,False
17481,Video,,2522,CustomLabel,35eda971-7641-4b3d-be98-36b65e74511d,7/9/2021 3:59:05 PM,r14b794fff2ad45ab56d9404b73c2a79,1734,,7/9/2021 3:55:26 PM,7/9/2021 3:55:34 PM,,0,0,11,17.97,360x480,0,,"Kezdeményezz dialógust, motiváld tettekre a környezetedet is!",Created,Normal,False
17482,Video,,2522,Publish,35eda971-7641-4b3d-be98-36b65e74511d,7/9/2021 3:59:05 PM,r14b794fff2ad45ab56d9404b73c2a79,1734,,7/9/2021 3:55:26 PM,7/9/2021 3:55:34 PM,,0,0,11,17.97,360x480,0,,"Kezdeményezz dialógust, motiváld tettekre a környezetedet is!",Published,Normal,False
17483,Video,,2522,CustomLabel,35eda971-7641-4b3d-be98-36b65e74511d,7/9/2021 3:59:54 PM,r14b794fff2ad45ab56d9404b73c2a79,1734,,7/9/2021 3:55:26 PM,7/9/2021 3:55:34 PM,,0,0,11,17.97,360x480,0,,"Kezdeményezz dialógust! Mutass példát, és motiváld tettekre a körülötted lévőket is!",Published,Normal,False
17484,Video,,2523,Created,System,7/9/2021 7:05:38 PM,r1a49fe10757240696078292307613b6,1734,,7/9/2021 7:04:13 PM,7/9/2021 7:04:46 PM,,0,0,12,26.57,355x768,0,,,Created,Normal,False
17485,Video,,2523,CustomLabel,35eda971-7641-4b3d-be98-36b65e74511d,7/9/2021 7:27:07 PM,r1a49fe10757240696078292307613b6,1734,,7/9/2021 7:04:13 PM,7/9/2021 7:04:46 PM,,0,0,12,26.57,355x768,0,,"GyakoLégy mindenkivel szemben empatikus, odafigyelo, nyitott, eloitéletek nélkül",Created,Normal,False
17486,Video,,2523,CustomLabel,35eda971-7641-4b3d-be98-36b65e74511d,7/9/2021 7:28:20 PM,r1a49fe10757240696078292307613b6,1734,,7/9/2021 7:04:13 PM,7/9/2021 7:04:46 PM,,0,0,12,26.57,355x768,0,,"Légy másokkal szemben empatikus, odafigyel, nyitott, eloitéletek nélkül",Created,Normal,False
17487,Video,,2523,CustomLabel,35eda971-7641-4b3d-be98-36b65e74511d,7/9/2021 7:29:06 PM,r1a49fe10757240696078292307613b6,1734,,7/9/2021 7:04:13 PM,7/9/2021 7:04:46 PM,,0,0,12,26.57,355x768,0,,"Légy másokkal szemben empatikus, odafigyelő, nyitott, előítéletektől mentes!",Created,Normal,False
17488,Video,,2523,CustomLabel,35eda971-7641-4b3d-be98-36b65e74511d,7/9/2021 7:32:49 PM,r1a49fe10757240696078292307613b6,1734,,7/9/2021 7:04:13 PM,7/9/2021 7:04:46 PM,,0,0,12,26.57,355x768,0,,"Légy másokkal empatikus, odafigyelő, nyitott, mosolygós :)",Created,Normal,False
17489,Video,,2523,Publish,35eda971-7641-4b3d-be98-36b65e74511d,7/9/2021 7:33:25 PM,r1a49fe10757240696078292307613b6,1734,,7/9/2021 7:04:13 PM,7/9/2021 7:04:46 PM,,0,0,12,26.57,355x768,0,,"Légy másokkal empatikus, odafigyelő, nyitott, mosolygós :)",Published,Normal,False
17490,Video,,2522,CustomLabel,35eda971-7641-4b3d-be98-36b65e74511d,7/9/2021 7:43:11 PM,r14b794fff2ad45ab56d9404b73c2a79,1734,,7/9/2021 3:55:26 PM,7/9/2021 3:55:34 PM,,0,0,11,17.97,360x480,0,,"Kezdeményezz dialógust! Mutass példát, és motiváld cselekvésre a körülötted lévőket is!",Published,Normal,False
17491,Video,,2524,Created,System,7/11/2021 9:10:20 AM,r1eb632a6a8ffffdcd565eec70414667,1734,,7/11/2021 9:08:23 AM,7/11/2021 9:09:03 AM,,0,0,13,12.88,432x697,0,,,Created,Normal,False
17492,Video,,2524,CustomLabel,35eda971-7641-4b3d-be98-36b65e74511d,7/11/2021 9:34:08 AM,r1eb632a6a8ffffdcd565eec70414667,1734,,7/11/2021 9:08:23 AM,7/11/2021 9:09:03 AM,,0,0,13,12.88,432x697,0,,"Hívd fel ",Created,Normal,False
17493,Video,,2524,CustomLabel,35eda971-7641-4b3d-be98-36b65e74511d,7/11/2021 9:34:59 AM,r1eb632a6a8ffffdcd565eec70414667,1734,,7/11/2021 9:08:23 AM,7/11/2021 9:09:03 AM,,0,0,13,12.88,432x697,0,,"Tájékozódj több forrásból, gondolkozz kritikusan! ",Created,Normal,False
17494,Video,,2524,Publish,35eda971-7641-4b3d-be98-36b65e74511d,7/11/2021 9:35:04 AM,r1eb632a6a8ffffdcd565eec70414667,1734,,7/11/2021 9:08:23 AM,7/11/2021 9:09:03 AM,,0,0,13,12.88,432x697,0,,"Tájékozódj több forrásból, gondolkozz kritikusan! ",Published,Normal,False
17495,Video,,2525,Created,System,7/12/2021 9:39:46 PM,r1f70c40405f990f0af0dc07c4972834,1734,,7/12/2021 9:38:42 PM,7/12/2021 9:39:28 PM,,0,0,14,35.8,432x477,0,,,Created,Normal,False
17496,Video,,2525,CustomLabel,35eda971-7641-4b3d-be98-36b65e74511d,7/13/2021 9:24:55 AM,r1f70c40405f990f0af0dc07c4972834,1734,,7/12/2021 9:38:42 PM,7/12/2021 9:39:28 PM,,0,0,14,35.8,432x477,0,,Támogasd az Amnesty tevékenységét!,Created,Normal,False
17497,Video,,2525,CustomLabel,35eda971-7641-4b3d-be98-36b65e74511d,7/13/2021 9:25:57 AM,r1f70c40405f990f0af0dc07c4972834,1734,,7/12/2021 9:38:42 PM,7/12/2021 9:39:28 PM,,0,0,14,35.8,432x477,0,,"Szólalj fel! Támogasd az Amnestyt, hogy folytathassuk az emberi jogi munkát! ",Created,Normal,False
17498,Video,,2524,PositionChange,35eda971-7641-4b3d-be98-36b65e74511d,7/13/2021 9:26:05 AM,r1eb632a6a8ffffdcd565eec70414667,1734,,7/11/2021 9:08:23 AM,7/11/2021 9:09:03 AM,,0,0,14,12.88,432x697,0,,"Tájékozódj több forrásból, gondolkozz kritikusan! ",Published,Normal,False
17499,Video,,2525,PositionChange,35eda971-7641-4b3d-be98-36b65e74511d,7/13/2021 9:26:05 AM,r1f70c40405f990f0af0dc07c4972834,1734,,7/12/2021 9:38:42 PM,7/12/2021 9:39:28 PM,,0,0,13,35.8,432x477,0,,"Szólalj fel! Támogasd az Amnestyt, hogy folytathassuk az emberi jogi munkát! ",Created,Normal,False
17500,Video,,2523,PositionChange,35eda971-7641-4b3d-be98-36b65e74511d,7/13/2021 9:26:07 AM,r1a49fe10757240696078292307613b6,1734,,7/9/2021 7:04:13 PM,7/9/2021 7:04:46 PM,,0,0,13,26.57,355x768,0,,"Légy másokkal empatikus, odafigyelő, nyitott, mosolygós :)",Published,Normal,False
17501,Video,,2525,PositionChange,35eda971-7641-4b3d-be98-36b65e74511d,7/13/2021 9:26:07 AM,r1f70c40405f990f0af0dc07c4972834,1734,,7/12/2021 9:38:42 PM,7/12/2021 9:39:28 PM,,0,0,12,35.8,432x477,0,,"Szólalj fel! Támogasd az Amnestyt, hogy folytathassuk az emberi jogi munkát! ",Created,Normal,False
17502,Video,,2522,PositionChange,35eda971-7641-4b3d-be98-36b65e74511d,7/13/2021 9:26:10 AM,r14b794fff2ad45ab56d9404b73c2a79,1734,,7/9/2021 3:55:26 PM,7/9/2021 3:55:34 PM,,0,0,12,17.97,360x480,0,,"Kezdeményezz dialógust! Mutass példát, és motiváld cselekvésre a körülötted lévőket is!",Published,Normal,False
17503,Video,,2525,PositionChange,35eda971-7641-4b3d-be98-36b65e74511d,7/13/2021 9:26:10 AM,r1f70c40405f990f0af0dc07c4972834,1734,,7/12/2021 9:38:42 PM,7/12/2021 9:39:28 PM,,0,0,11,35.8,432x477,0,,"Szólalj fel! Támogasd az Amnestyt, hogy folytathassuk az emberi jogi munkát! ",Created,Normal,False
17504,Video,,2522,PositionChange,35eda971-7641-4b3d-be98-36b65e74511d,7/13/2021 9:26:11 AM,r14b794fff2ad45ab56d9404b73c2a79,1734,,7/9/2021 3:55:26 PM,7/9/2021 3:55:34 PM,,0,0,13,17.97,360x480,0,,"Kezdeményezz dialógust! Mutass példát, és motiváld cselekvésre a körülötted lévőket is!",Published,Normal,False
17505,Video,,2523,PositionChange,35eda971-7641-4b3d-be98-36b65e74511d,7/13/2021 9:26:11 AM,r1a49fe10757240696078292307613b6,1734,,7/9/2021 7:04:13 PM,7/9/2021 7:04:46 PM,,0,0,12,26.57,355x768,0,,"Légy másokkal empatikus, odafigyelő, nyitott, mosolygós :)",Published,Normal,False
17506,Video,,2522,PositionChange,35eda971-7641-4b3d-be98-36b65e74511d,7/13/2021 9:26:12 AM,r14b794fff2ad45ab56d9404b73c2a79,1734,,7/9/2021 3:55:26 PM,7/9/2021 3:55:34 PM,,0,0,14,17.97,360x480,0,,"Kezdeményezz dialógust! Mutass példát, és motiváld cselekvésre a körülötted lévőket is!",Published,Normal,False
17507,Video,,2524,PositionChange,35eda971-7641-4b3d-be98-36b65e74511d,7/13/2021 9:26:12 AM,r1eb632a6a8ffffdcd565eec70414667,1734,,7/11/2021 9:08:23 AM,7/11/2021 9:09:03 AM,,0,0,13,12.88,432x697,0,,"Tájékozódj több forrásból, gondolkozz kritikusan! ",Published,Normal,False
17508,Video,,2516,PositionChange,35eda971-7641-4b3d-be98-36b65e74511d,7/13/2021 9:26:14 AM,r1f6f314815ca09e6789638a972f3bf6,1734,,7/9/2021 10:46:49 AM,7/9/2021 10:47:07 AM,,0,0,8,8.37,432x697,0,,"Vedd ki a részed, önkénteskedj!",Published,Normal,False
17509,Video,,2518,PositionChange,35eda971-7641-4b3d-be98-36b65e74511d,7/13/2021 9:26:14 AM,r18111b9a8f090bd79e50119a118d911,1734,,7/9/2021 11:32:52 AM,7/9/2021 11:33:16 AM,,0,0,7,14.16,432x697,0,,Önkénteskedj! Vállald fel magad! Érzékenyítsd a környezeted!,Published,Normal,False
17510,Video,,2523,PositionChange,35eda971-7641-4b3d-be98-36b65e74511d,7/13/2021 9:26:15 AM,r1a49fe10757240696078292307613b6,1734,,7/9/2021 7:04:13 PM,7/9/2021 7:04:46 PM,,0,0,11,26.57,355x768,0,,"Légy másokkal empatikus, odafigyelő, nyitott, mosolygós :)",Published,Normal,False
17511,Video,,2525,PositionChange,35eda971-7641-4b3d-be98-36b65e74511d,7/13/2021 9:26:15 AM,r1f70c40405f990f0af0dc07c4972834,1734,,7/12/2021 9:38:42 PM,7/12/2021 9:39:28 PM,,0,0,12,35.8,432x477,0,,"Szólalj fel! Támogasd az Amnestyt, hogy folytathassuk az emberi jogi munkát! ",Created,Normal,False
17512,Video,,2523,PositionChange,35eda971-7641-4b3d-be98-36b65e74511d,7/13/2021 9:26:21 AM,r1a49fe10757240696078292307613b6,1734,,7/9/2021 7:04:13 PM,7/9/2021 7:04:46 PM,,0,0,12,26.57,355x768,0,,"Légy másokkal empatikus, odafigyelő, nyitott, mosolygós :)",Published,Normal,False
17513,Video,,2525,PositionChange,35eda971-7641-4b3d-be98-36b65e74511d,7/13/2021 9:26:21 AM,r1f70c40405f990f0af0dc07c4972834,1734,,7/12/2021 9:38:42 PM,7/12/2021 9:39:28 PM,,0,0,11,35.8,432x477,0,,"Szólalj fel! Támogasd az Amnestyt, hogy folytathassuk az emberi jogi munkát! ",Created,Normal,False
17514,Video,,2526,Created,System,7/13/2021 9:54:43 AM,r15a8d4cb5ae91449115e79bee41ead2,1734,,7/13/2021 9:53:34 AM,7/13/2021 9:53:59 AM,,0,0,15,12.52,432x768,0,,,Created,Normal,False
17515,Video,,2525,Publish,35eda971-7641-4b3d-be98-36b65e74511d,7/13/2021 9:58:15 AM,r1f70c40405f990f0af0dc07c4972834,1734,,7/12/2021 9:38:42 PM,7/12/2021 9:39:28 PM,,0,0,11,35.8,432x477,0,,"Szólalj fel! Támogasd az Amnestyt, hogy folytathassuk az emberi jogi munkát! ",Published,Normal,False
17516,Video,,2526,Delete,35eda971-7641-4b3d-be98-36b65e74511d,7/13/2021 9:58:25 AM,r15a8d4cb5ae91449115e79bee41ead2,1734,,7/13/2021 9:53:34 AM,7/13/2021 9:53:59 AM,,0,0,15,12.52,432x768,0,,,Created,Normal,True
17517,Video,,2527,Created,System,7/13/2021 9:59:21 AM,r16cacd631ccd7f1613948fb0d2e765b,1734,,7/13/2021 9:58:34 AM,7/13/2021 9:59:00 AM,,0,0,16,13.96,432x768,0,,,Created,Normal,False
17518,Video,,2527,CustomLabel,35eda971-7641-4b3d-be98-36b65e74511d,7/13/2021 10:03:51 AM,r16cacd631ccd7f1613948fb0d2e765b,1734,,7/13/2021 9:58:34 AM,7/13/2021 9:59:00 AM,,0,0,16,13.96,432x768,0,,Vedd természetesnek ha két ember szereti egymást!,Created,Normal,False
17519,Video,,2527,CustomLabel,35eda971-7641-4b3d-be98-36b65e74511d,7/13/2021 10:04:28 AM,r16cacd631ccd7f1613948fb0d2e765b,1734,,7/13/2021 9:58:34 AM,7/13/2021 9:59:00 AM,,0,0,16,13.96,432x768,0,,Fogadd el ha két ember szereti egymást!,Created,Normal,False
17520,Video,,2527,Publish,35eda971-7641-4b3d-be98-36b65e74511d,7/13/2021 10:04:29 AM,r16cacd631ccd7f1613948fb0d2e765b,1734,,7/13/2021 9:58:34 AM,7/13/2021 9:59:00 AM,,0,0,16,13.96,432x768,0,,Fogadd el ha két ember szereti egymást!,Published,Normal,False
17521,Video,,2514,PositionChange,35eda971-7641-4b3d-be98-36b65e74511d,7/13/2021 10:04:40 AM,r12e27537bbbd76a9cb60ddcc567df8a,1734,,7/9/2021 8:23:16 AM,7/9/2021 8:23:23 AM,,0,0,4,8.67,360x480,0,,Önkénteskedj!,Published,Normal,False
17522,Video,,2517,PositionChange,35eda971-7641-4b3d-be98-36b65e74511d,7/13/2021 10:04:40 AM,r151dcc1e552e2df758ad22c9311fe3e,1734,,7/9/2021 11:17:30 AM,7/9/2021 11:17:38 AM,,0,0,3,9.64,360x480,0,,Beszélgess az emberi jogokról!,Published,Normal,False
17523,Video,,2514,PositionChange,35eda971-7641-4b3d-be98-36b65e74511d,7/13/2021 10:04:41 AM,r12e27537bbbd76a9cb60ddcc567df8a,1734,,7/9/2021 8:23:16 AM,7/9/2021 8:23:23 AM,,0,0,5,8.67,360x480,0,,Önkénteskedj!,Published,Normal,False
17524,Video,,2519,PositionChange,35eda971-7641-4b3d-be98-36b65e74511d,7/13/2021 10:04:41 AM,r1c47317ddabb2c280e05a43b36f2a87,1734,,7/9/2021 11:42:30 AM,7/9/2021 11:42:44 AM,,0,0,4,13.41,360x480,0,,"Legyél emberi jogi aktivista! Légy önmagad, és ne kérj érte bocsánatot!",Published,Normal,False
17525,Video,,2514,PositionChange,35eda971-7641-4b3d-be98-36b65e74511d,7/13/2021 10:04:42 AM,r12e27537bbbd76a9cb60ddcc567df8a,1734,,7/9/2021 8:23:16 AM,7/9/2021 8:23:23 AM,,0,0,6,8.67,360x480,0,,Önkénteskedj!,Published,Normal,False
17526,Video,,2515,PositionChange,35eda971-7641-4b3d-be98-36b65e74511d,7/13/2021 10:04:42 AM,r1b999fa6a7ad6e0495d19291ad178f6,1734,,7/9/2021 10:05:43 AM,7/9/2021 10:06:05 AM,,0,0,5,10.52,432x324,0,,"Mutass példát, legyél elfogadó!",Published,Normal,False
17527,Video,,2514,PositionChange,35eda971-7641-4b3d-be98-36b65e74511d,7/13/2021 10:04:42 AM,r12e27537bbbd76a9cb60ddcc567df8a,1734,,7/9/2021 8:23:16 AM,7/9/2021 8:23:23 AM,,0,0,7,8.67,360x480,0,,Önkénteskedj!,Published,Normal,False
17528,Video,,2518,PositionChange,35eda971-7641-4b3d-be98-36b65e74511d,7/13/2021 10:04:42 AM,r18111b9a8f090bd79e50119a118d911,1734,,7/9/2021 11:32:52 AM,7/9/2021 11:33:16 AM,,0,0,6,14.16,432x697,0,,Önkénteskedj! Vállald fel magad! Érzékenyítsd a környezeted!,Published,Normal,False
17529,Video,,2514,PositionChange,35eda971-7641-4b3d-be98-36b65e74511d,7/13/2021 10:04:43 AM,r12e27537bbbd76a9cb60ddcc567df8a,1734,,7/9/2021 8:23:16 AM,7/9/2021 8:23:23 AM,,0,0,8,8.67,360x480,0,,Önkénteskedj!,Published,Normal,False
17530,Video,,2516,PositionChange,35eda971-7641-4b3d-be98-36b65e74511d,7/13/2021 10:04:43 AM,r1f6f314815ca09e6789638a972f3bf6,1734,,7/9/2021 10:46:49 AM,7/9/2021 10:47:07 AM,,0,0,7,8.37,432x697,0,,"Vedd ki a részed, önkénteskedj!",Published,Normal,False
17531,Video,,2514,PositionChange,35eda971-7641-4b3d-be98-36b65e74511d,7/13/2021 10:04:43 AM,r12e27537bbbd76a9cb60ddcc567df8a,1734,,7/9/2021 8:23:16 AM,7/9/2021 8:23:23 AM,,0,0,11,8.67,360x480,0,,Önkénteskedj!,Published,Normal,False
17532,Video,,2525,PositionChange,35eda971-7641-4b3d-be98-36b65e74511d,7/13/2021 10:04:43 AM,r1f70c40405f990f0af0dc07c4972834,1734,,7/12/2021 9:38:42 PM,7/12/2021 9:39:28 PM,,0,0,8,35.8,432x477,0,,"Szólalj fel! Támogasd az Amnestyt, hogy folytathassuk az emberi jogi munkát! ",Published,Normal,False
17533,Video,,2514,PositionChange,35eda971-7641-4b3d-be98-36b65e74511d,7/13/2021 10:04:43 AM,r12e27537bbbd76a9cb60ddcc567df8a,1734,,7/9/2021 8:23:16 AM,7/9/2021 8:23:23 AM,,0,0,12,8.67,360x480,0,,Önkénteskedj!,Published,Normal,False
17534,Video,,2523,PositionChange,35eda971-7641-4b3d-be98-36b65e74511d,7/13/2021 10:04:43 AM,r1a49fe10757240696078292307613b6,1734,,7/9/2021 7:04:13 PM,7/9/2021 7:04:46 PM,,0,0,11,26.57,355x768,0,,"Légy másokkal empatikus, odafigyelő, nyitott, mosolygós :)",Published,Normal,False
17535,Video,,2514,PositionChange,35eda971-7641-4b3d-be98-36b65e74511d,7/13/2021 10:04:44 AM,r12e27537bbbd76a9cb60ddcc567df8a,1734,,7/9/2021 8:23:16 AM,7/9/2021 8:23:23 AM,,0,0,13,8.67,360x480,0,,Önkénteskedj!,Published,Normal,False
17536,Video,,2524,PositionChange,35eda971-7641-4b3d-be98-36b65e74511d,7/13/2021 10:04:44 AM,r1eb632a6a8ffffdcd565eec70414667,1734,,7/11/2021 9:08:23 AM,7/11/2021 9:09:03 AM,,0,0,12,12.88,432x697,0,,"Tájékozódj több forrásból, gondolkozz kritikusan! ",Published,Normal,False
17550,Video,,2533,Created,System,7/14/2021 7:36:59 AM,r15681a05bf430004781c1492361bc2c,1734,,7/14/2021 7:36:19 AM,7/14/2021 7:36:27 AM,,0,0,17,9.21,360x480,0,,,Created,Normal,False
17551,Video,,2533,Publish,35eda971-7641-4b3d-be98-36b65e74511d,7/14/2021 7:42:06 AM,r15681a05bf430004781c1492361bc2c,1734,,7/14/2021 7:36:19 AM,7/14/2021 7:36:27 AM,,0,0,17,9.21,360x480,0,,,Published,Normal,False
17552,Video,,2533,CustomLabel,35eda971-7641-4b3d-be98-36b65e74511d,7/14/2021 7:46:26 AM,r15681a05bf430004781c1492361bc2c,1734,,7/14/2021 7:36:19 AM,7/14/2021 7:36:27 AM,,0,0,17,9.21,360x480,0,,Légy egy elfogadó társadalom aktív tagja!,Published,Normal,False
17553,Video,,2533,CustomLabel,35eda971-7641-4b3d-be98-36b65e74511d,7/14/2021 7:50:49 AM,r15681a05bf430004781c1492361bc2c,1734,,7/14/2021 7:36:19 AM,7/14/2021 7:36:27 AM,,0,0,17,9.21,360x480,0,,Légy egy elfogadó társadalom aktív tagja! Neveld a gyerekedet is erre! :),Published,Normal,False
17554,Video,,2533,CustomLabel,35eda971-7641-4b3d-be98-36b65e74511d,7/14/2021 7:51:25 AM,r15681a05bf430004781c1492361bc2c,1734,,7/14/2021 7:36:19 AM,7/14/2021 7:36:27 AM,,0,0,17,9.21,360x480,0,,Légy egy elfogadó társadalom aktív tagja! Tanítsd a gyerekedet is erre!,Published,Normal,False
17555,Video,,2533,CustomLabel,35eda971-7641-4b3d-be98-36b65e74511d,7/14/2021 7:56:41 AM,r15681a05bf430004781c1492361bc2c,1734,,7/14/2021 7:36:19 AM,7/14/2021 7:36:27 AM,,0,0,17,9.21,360x480,0,,Legyél egy elfogadó társadalom aktív tagja! Tanítsd a gyerekedet is erre!,Published,Normal,False
17557,Video,,2534,Created,System,7/15/2021 3:33:54 PM,r10f267908049f9a4ce23dbf28b9140c,1734,,7/15/2021 3:33:17 PM,7/15/2021 3:33:25 PM,,0,0,18,17.98,360x480,0,,,Created,Normal,False
17558,Video,,2534,CustomLabel,35eda971-7641-4b3d-be98-36b65e74511d,7/15/2021 3:40:03 PM,r10f267908049f9a4ce23dbf28b9140c,1734,,7/15/2021 3:33:17 PM,7/15/2021 3:33:25 PM,,0,0,18,17.98,360x480,0,,"Ismerd meg a világot, ismertess meg másokkal is különböző perspektívákat!",Created,Normal,False
17559,Video,,2534,CustomLabel,35eda971-7641-4b3d-be98-36b65e74511d,7/15/2021 3:40:37 PM,r10f267908049f9a4ce23dbf28b9140c,1734,,7/15/2021 3:33:17 PM,7/15/2021 3:33:25 PM,,0,0,18,17.98,360x480,0,,"Ismerd meg a világot, ossz meg másokkal is különböző perspektívákat!",Created,Normal,False
17560,Video,,2534,Publish,35eda971-7641-4b3d-be98-36b65e74511d,7/15/2021 3:40:44 PM,r10f267908049f9a4ce23dbf28b9140c,1734,,7/15/2021 3:33:17 PM,7/15/2021 3:33:25 PM,,0,0,18,17.98,360x480,0,,"Ismerd meg a világot, ossz meg másokkal is különböző perspektívákat!",Published,Normal,False
17578,Video,,2541,Created,System,7/16/2021 11:59:29 PM,r1778e17104c9eb58d2c0b369f492752,1734,,7/16/2021 11:58:00 PM,7/16/2021 11:59:07 PM,,0,0,19,54.04,432x697,0,,,Created,Normal,False
17579,Video,,2541,CustomLabel,35eda971-7641-4b3d-be98-36b65e74511d,7/17/2021 6:57:22 AM,r1778e17104c9eb58d2c0b369f492752,1734,,7/16/2021 11:58:00 PM,7/16/2021 11:59:07 PM,Email provided,0,0,19,54.04,432x697,0,,"Szeressük egymást feltétel nélkül. Koncentrálj arra ",Created,Normal,False
17580,Video,,2541,CustomLabel,35eda971-7641-4b3d-be98-36b65e74511d,7/17/2021 6:58:27 AM,r1778e17104c9eb58d2c0b369f492752,1734,,7/16/2021 11:58:00 PM,7/16/2021 11:59:07 PM,Email provided,0,0,19,54.04,432x697,0,,Szeressük egymást feltétel nélkül. Egymás elfogadása,Created,Normal,False
17581,Video,,2541,CustomLabel,35eda971-7641-4b3d-be98-36b65e74511d,7/17/2021 6:59:33 AM,r1778e17104c9eb58d2c0b369f492752,1734,,7/16/2021 11:58:00 PM,7/16/2021 11:59:07 PM,Email provided,0,0,19,54.04,432x697,0,,"Feltétel nélküli szeretet. Egymás kölcsönös elfogadása. ",Created,Normal,False
17582,Video,,2541,CustomLabel,35eda971-7641-4b3d-be98-36b65e74511d,7/17/2021 7:00:20 AM,r1778e17104c9eb58d2c0b369f492752,1734,,7/16/2021 11:58:00 PM,7/16/2021 11:59:07 PM,Email provided,0,0,19,54.04,432x697,0,,"Feltétel nélküli, határtalan  szeretet. Egymás kölcsönös elfogadása. ",Created,Normal,False
17583,Video,,2541,CustomLabel,35eda971-7641-4b3d-be98-36b65e74511d,7/17/2021 7:02:08 AM,r1778e17104c9eb58d2c0b369f492752,1734,,7/16/2021 11:58:00 PM,7/16/2021 11:59:07 PM,Email provided,0,0,19,54.04,432x697,0,,"Szeress másokat feltételek nélkül, határtalanul,  szeretet. Egymás kölcsönös elfogadása. ",Created,Normal,False
17584,Video,,2541,CustomLabel,35eda971-7641-4b3d-be98-36b65e74511d,7/17/2021 7:02:43 AM,r1778e17104c9eb58d2c0b369f492752,1734,,7/16/2021 11:58:00 PM,7/16/2021 11:59:07 PM,Email provided,0,0,19,54.04,432x697,0,,"Szeress másokat feltételek nélkül. ",Created,Normal,False
17585,Video,,2541,CustomLabel,35eda971-7641-4b3d-be98-36b65e74511d,7/17/2021 7:02:55 AM,r1778e17104c9eb58d2c0b369f492752,1734,,7/16/2021 11:58:00 PM,7/16/2021 11:59:07 PM,Email provided,0,0,19,54.04,432x697,0,,"Szeress másokat feltétel nélkül.  ",Created,Normal,False
17586,Video,,2541,CustomLabel,35eda971-7641-4b3d-be98-36b65e74511d,7/17/2021 7:05:23 AM,r1778e17104c9eb58d2c0b369f492752,1734,,7/16/2021 11:58:00 PM,7/16/2021 11:59:07 PM,Email provided,0,0,19,54.04,432x697,0,,"Szeress és fogadj el másokat feltétel és határok nélkül. Tegyél te is azért, hogy Magyarországon a szeretet domináljon!  ",Created,Normal,False
17587,Video,,2541,CustomLabel,35eda971-7641-4b3d-be98-36b65e74511d,7/17/2021 7:06:20 AM,r1778e17104c9eb58d2c0b369f492752,1734,,7/16/2021 11:58:00 PM,7/16/2021 11:59:07 PM,Email provided,0,0,19,54.04,432x697,0,,"Szeress és fogadj el másokat feltétel és határok nélkül. Tegyél te is azért, hogy Magyarországon a szeretet domináljon! ",Created,Normal,False
17588,Video,,2541,Publish,35eda971-7641-4b3d-be98-36b65e74511d,7/17/2021 7:06:21 AM,r1778e17104c9eb58d2c0b369f492752,1734,,7/16/2021 11:58:00 PM,7/16/2021 11:59:07 PM,Email provided,0,0,19,54.04,432x697,0,,"Szeress és fogadj el másokat feltétel és határok nélkül. Tegyél te is azért, hogy Magyarországon a szeretet domináljon! ",Published,Normal,False
17589,Video,,2541,CustomLabel,35eda971-7641-4b3d-be98-36b65e74511d,7/17/2021 7:06:54 AM,r1778e17104c9eb58d2c0b369f492752,1734,,7/16/2021 11:58:00 PM,7/16/2021 11:59:07 PM,Email provided,0,0,19,54.04,432x697,0,,"Szeress és fogadj el másokat feltételek és határok nélkül. Tegyél te is azért, hogy Magyarországon a szeretet domináljon! ",Published,Normal,False
17597,Video,,2543,Created,System,7/18/2021 8:01:34 AM,r1883ab70cf5d7cd30899bbaf2e4bb47,1734,,7/18/2021 7:59:58 AM,7/18/2021 8:01:13 AM,,0,0,20,38.94,432x324,0,,,Created,Normal,False
17598,Video,,2543,CustomLabel,35eda971-7641-4b3d-be98-36b65e74511d,7/18/2021 10:48:40 AM,r1883ab70cf5d7cd30899bbaf2e4bb47,1734,,7/18/2021 7:59:58 AM,7/18/2021 8:01:13 AM,Email provided,0,0,20,38.94,432x324,0,,"Gyere el a Pride-ra a befogadásért, az elfogadásért!",Created,Normal,False
17599,Video,,2543,CustomLabel,35eda971-7641-4b3d-be98-36b65e74511d,7/18/2021 10:49:14 AM,r1883ab70cf5d7cd30899bbaf2e4bb47,1734,,7/18/2021 7:59:58 AM,7/18/2021 8:01:13 AM,Email provided,0,0,20,38.94,432x324,0,,"Vonulj a Pride-on, a befogadásért, az elfogadásért!",Created,Normal,False
17600,Video,,2543,Publish,35eda971-7641-4b3d-be98-36b65e74511d,7/18/2021 10:49:20 AM,r1883ab70cf5d7cd30899bbaf2e4bb47,1734,,7/18/2021 7:59:58 AM,7/18/2021 8:01:13 AM,Email provided,0,0,20,38.94,432x324,0,,"Vonulj a Pride-on, a befogadásért, az elfogadásért!",Published,Normal,False
17644,Video,,2561,Created,System,7/20/2021 8:34:50 AM,r17ff4897b1cc3ec65cea4d149136d0e,1734,,7/20/2021 8:34:13 AM,7/20/2021 8:34:32 AM,,0,0,21,5.76,432x697,0,,,Created,Normal,False
17647,Video,,2561,CMNote,ced6b967-533d-4615-bc78-413ec0691e89,7/20/2021 10:20:38 AM,r17ff4897b1cc3ec65cea4d149136d0e,1734,,7/20/2021 8:34:13 AM,7/20/2021 8:34:32 AM,,0,0,21,5.76,432x697,0,"nyugodtan töröld, bocsi a honlapotokon demóztam",,Created,Normal,False
17648,Video,,2561,Delete,35eda971-7641-4b3d-be98-36b65e74511d,7/20/2021 12:00:37 PM,r17ff4897b1cc3ec65cea4d149136d0e,1734,,7/20/2021 8:34:13 AM,7/20/2021 8:34:32 AM,,0,0,21,5.76,432x697,0,"nyugodtan töröld, bocsi a honlapotokon demóztam",,Created,Normal,True
17729,Video,,2584,Created,System,7/25/2021 7:35:23 PM,r1bb5d54176dd9a580b60349cbfbf41f,1734,,7/25/2021 7:34:08 PM,7/25/2021 7:35:03 PM,,0,0,22,43.32,432x477,0,,,Created,Normal,False
17730,Video,,2584,CustomLabel,35eda971-7641-4b3d-be98-36b65e74511d,7/26/2021 12:12:54 AM,r1bb5d54176dd9a580b60349cbfbf41f,1734,,7/25/2021 7:34:08 PM,7/25/2021 7:35:03 PM,,0,0,22,43.32,432x477,0,,"Szólalj föl és támogasd az Amnestyt, hogy senki emberi jogai ne ",Created,Normal,False
17731,Video,,2584,CustomLabel,35eda971-7641-4b3d-be98-36b65e74511d,7/26/2021 12:13:59 AM,r1bb5d54176dd9a580b60349cbfbf41f,1734,,7/25/2021 7:34:08 PM,7/25/2021 7:35:03 PM,,0,0,22,43.32,432x477,0,,"Szólalj föl és támogasd az Amnestyt, hogy továbbra is ",Created,Normal,False
17732,Video,,2584,CustomLabel,35eda971-7641-4b3d-be98-36b65e74511d,7/26/2021 12:17:13 AM,r1bb5d54176dd9a580b60349cbfbf41f,1734,,7/25/2021 7:34:08 PM,7/25/2021 7:35:03 PM,,0,0,22,43.32,432x477,0,,"Szólalj föl te is! Tegyünk együtt azért, hogy mindenkit megillessenek az emberi jogok!",Created,Normal,False
17733,Video,,2584,CustomLabel,35eda971-7641-4b3d-be98-36b65e74511d,7/26/2021 12:17:41 AM,r1bb5d54176dd9a580b60349cbfbf41f,1734,,7/25/2021 7:34:08 PM,7/25/2021 7:35:03 PM,,0,0,22,43.32,432x477,0,,Szólalj föl te is! Hogy senki alap,Created,Normal,False
17734,Video,,2584,CustomLabel,35eda971-7641-4b3d-be98-36b65e74511d,7/26/2021 12:19:14 AM,r1bb5d54176dd9a580b60349cbfbf41f,1734,,7/25/2021 7:34:08 PM,7/25/2021 7:35:03 PM,,0,0,22,43.32,432x477,0,,"Szólalj föl te is, hogy mindenkit megillessenek az alapvet",Created,Normal,False
17735,Video,,2584,CustomLabel,35eda971-7641-4b3d-be98-36b65e74511d,7/26/2021 12:19:37 AM,r1bb5d54176dd9a580b60349cbfbf41f,1734,,7/25/2021 7:34:08 PM,7/25/2021 7:35:03 PM,,0,0,22,43.32,432x477,0,,"Szólalj föl te is, hogy mindenkit megillessenek az alapvető jogai.",Created,Normal,False
17736,Video,,2584,CustomLabel,35eda971-7641-4b3d-be98-36b65e74511d,7/26/2021 12:20:27 AM,r1bb5d54176dd9a580b60349cbfbf41f,1734,,7/25/2021 7:34:08 PM,7/25/2021 7:35:03 PM,,0,0,22,43.32,432x477,0,,"Szólalj föl te is, hogy az alapvető jogok mindenkit megillessenek!",Created,Normal,False
17737,Video,,2584,CustomLabel,35eda971-7641-4b3d-be98-36b65e74511d,7/26/2021 12:20:59 AM,r1bb5d54176dd9a580b60349cbfbf41f,1734,,7/25/2021 7:34:08 PM,7/25/2021 7:35:03 PM,,0,0,22,43.32,432x477,0,,"Szólalj föl te is, hogy az alapvető jogok mindenkinek biztosítva legyenek!!",Created,Normal,False
17738,Video,,2584,CustomLabel,35eda971-7641-4b3d-be98-36b65e74511d,7/26/2021 12:22:23 AM,r1bb5d54176dd9a580b60349cbfbf41f,1734,,7/25/2021 7:34:08 PM,7/25/2021 7:35:03 PM,,0,0,22,43.32,432x477,0,,"Szólalj föl te is, hogy az alapjogok mindenki számára biztosítva legyenek!",Created,Normal,False
17739,Video,,2584,CustomLabel,35eda971-7641-4b3d-be98-36b65e74511d,7/26/2021 12:24:17 AM,r1bb5d54176dd9a580b60349cbfbf41f,1734,,7/25/2021 7:34:08 PM,7/25/2021 7:35:03 PM,,0,0,22,43.32,432x477,0,,"Szólalj föl te is, hogy az alapvető jogok mindenki számára biztosítva legyenek, gyulöletkeltés nélkül.",Created,Normal,False
17740,Video,,2584,CustomLabel,35eda971-7641-4b3d-be98-36b65e74511d,7/26/2021 12:25:20 AM,r1bb5d54176dd9a580b60349cbfbf41f,1734,,7/25/2021 7:34:08 PM,7/25/2021 7:35:03 PM,,0,0,22,43.32,432x477,0,,"Szólalj föl te is, hogy az alapvető jogok mindenki számára biztosítva legyenek, gyulöletkeltés nélkül!",Created,Normal,False
17741,Video,,2584,CustomLabel,35eda971-7641-4b3d-be98-36b65e74511d,7/26/2021 12:26:20 AM,r1bb5d54176dd9a580b60349cbfbf41f,1734,,7/25/2021 7:34:08 PM,7/25/2021 7:35:03 PM,,0,0,22,43.32,432x477,0,,"Szólalj föl te is, hogy az alapvető jogok mindenki számára biztosítva legyenek, gyűlöletkeltés nélkül!",Created,Normal,False
17742,Video,,2584,Publish,35eda971-7641-4b3d-be98-36b65e74511d,7/26/2021 12:27:51 AM,r1bb5d54176dd9a580b60349cbfbf41f,1734,,7/25/2021 7:34:08 PM,7/25/2021 7:35:03 PM,,0,0,22,43.32,432x477,0,,"Szólalj föl te is, hogy az alapvető jogok mindenki számára biztosítva legyenek, gyűlöletkeltés nélkül!",Published,Normal,False
17743,Video,,2533,PositionChange,35eda971-7641-4b3d-be98-36b65e74511d,7/26/2021 12:28:03 AM,r15681a05bf430004781c1492361bc2c,1734,,7/14/2021 7:36:19 AM,7/14/2021 7:36:27 AM,,0,0,18,9.21,360x480,0,,Legyél egy elfogadó társadalom aktív tagja! Tanítsd a gyerekedet is erre!,Published,Normal,False
17744,Video,,2534,PositionChange,35eda971-7641-4b3d-be98-36b65e74511d,7/26/2021 12:28:03 AM,r10f267908049f9a4ce23dbf28b9140c,1734,,7/15/2021 3:33:17 PM,7/15/2021 3:33:25 PM,,0,0,17,17.98,360x480,0,,"Ismerd meg a világot, ossz meg másokkal is különböző perspektívákat!",Published,Normal,False
17745,Video,,2533,PositionChange,35eda971-7641-4b3d-be98-36b65e74511d,7/26/2021 12:28:04 AM,r15681a05bf430004781c1492361bc2c,1734,,7/14/2021 7:36:19 AM,7/14/2021 7:36:27 AM,,0,0,19,9.21,360x480,0,,Legyél egy elfogadó társadalom aktív tagja! Tanítsd a gyerekedet is erre!,Published,Normal,False
17746,Video,,2541,PositionChange,35eda971-7641-4b3d-be98-36b65e74511d,7/26/2021 12:28:04 AM,r1778e17104c9eb58d2c0b369f492752,1734,,7/16/2021 11:58:00 PM,7/16/2021 11:59:07 PM,Email provided,0,0,18,54.04,432x697,0,,"Szeress és fogadj el másokat feltételek és határok nélkül. Tegyél te is azért, hogy Magyarországon a szeretet domináljon! ",Published,Normal,False
17747,Video,,2533,PositionChange,35eda971-7641-4b3d-be98-36b65e74511d,7/26/2021 12:28:09 AM,r15681a05bf430004781c1492361bc2c,1734,,7/14/2021 7:36:19 AM,7/14/2021 7:36:27 AM,,0,0,20,9.21,360x480,0,,Legyél egy elfogadó társadalom aktív tagja! Tanítsd a gyerekedet is erre!,Published,Normal,False
17748,Video,,2543,PositionChange,35eda971-7641-4b3d-be98-36b65e74511d,7/26/2021 12:28:09 AM,r1883ab70cf5d7cd30899bbaf2e4bb47,1734,,7/18/2021 7:59:58 AM,7/18/2021 8:01:13 AM,Email provided,0,0,19,38.94,432x324,0,,"Vonulj a Pride-on, a befogadásért, az elfogadásért!",Published,Normal,False
17749,Video,,2533,PositionChange,35eda971-7641-4b3d-be98-36b65e74511d,7/26/2021 12:28:55 AM,r15681a05bf430004781c1492361bc2c,1734,,7/14/2021 7:36:19 AM,7/14/2021 7:36:27 AM,,0,0,22,9.21,360x480,0,,Legyél egy elfogadó társadalom aktív tagja! Tanítsd a gyerekedet is erre!,Published,Normal,False
17750,Video,,2584,PositionChange,35eda971-7641-4b3d-be98-36b65e74511d,7/26/2021 12:28:55 AM,r1bb5d54176dd9a580b60349cbfbf41f,1734,,7/25/2021 7:34:08 PM,7/25/2021 7:35:03 PM,,0,0,20,43.32,432x477,0,,"Szólalj föl te is, hogy az alapvető jogok mindenki számára biztosítva legyenek, gyűlöletkeltés nélkül!",Published,Normal,False
17751,Video,,2541,PositionChange,35eda971-7641-4b3d-be98-36b65e74511d,7/26/2021 12:28:59 AM,r1778e17104c9eb58d2c0b369f492752,1734,,7/16/2021 11:58:00 PM,7/16/2021 11:59:07 PM,Email provided,0,0,19,54.04,432x697,0,,"Szeress és fogadj el másokat feltételek és határok nélkül. Tegyél te is azért, hogy Magyarországon a szeretet domináljon! ",Published,Normal,False
17752,Video,,2543,PositionChange,35eda971-7641-4b3d-be98-36b65e74511d,7/26/2021 12:28:59 AM,r1883ab70cf5d7cd30899bbaf2e4bb47,1734,,7/18/2021 7:59:58 AM,7/18/2021 8:01:13 AM,Email provided,0,0,18,38.94,432x324,0,,"Vonulj a Pride-on, a befogadásért, az elfogadásért!",Published,Normal,False
17753,Video,,2541,PositionChange,35eda971-7641-4b3d-be98-36b65e74511d,7/26/2021 12:29:00 AM,r1778e17104c9eb58d2c0b369f492752,1734,,7/16/2021 11:58:00 PM,7/16/2021 11:59:07 PM,Email provided,0,0,20,54.04,432x697,0,,"Szeress és fogadj el másokat feltételek és határok nélkül. Tegyél te is azért, hogy Magyarországon a szeretet domináljon! ",Published,Normal,False
17754,Video,,2584,PositionChange,35eda971-7641-4b3d-be98-36b65e74511d,7/26/2021 12:29:00 AM,r1bb5d54176dd9a580b60349cbfbf41f,1734,,7/25/2021 7:34:08 PM,7/25/2021 7:35:03 PM,,0,0,19,43.32,432x477,0,,"Szólalj föl te is, hogy az alapvető jogok mindenki számára biztosítva legyenek, gyűlöletkeltés nélkül!",Published,Normal,False
17755,Video,,2527,PositionChange,35eda971-7641-4b3d-be98-36b65e74511d,7/26/2021 12:29:04 AM,r16cacd631ccd7f1613948fb0d2e765b,1734,,7/13/2021 9:58:34 AM,7/13/2021 9:59:00 AM,,0,0,17,13.96,432x768,0,,Fogadd el ha két ember szereti egymást!,Published,Normal,False
17756,Video,,2534,PositionChange,35eda971-7641-4b3d-be98-36b65e74511d,7/26/2021 12:29:04 AM,r10f267908049f9a4ce23dbf28b9140c,1734,,7/15/2021 3:33:17 PM,7/15/2021 3:33:25 PM,,0,0,16,17.98,360x480,0,,"Ismerd meg a világot, ossz meg másokkal is különböző perspektívákat!",Published,Normal,False
17757,Video,,2527,PositionChange,35eda971-7641-4b3d-be98-36b65e74511d,7/26/2021 12:29:10 AM,r16cacd631ccd7f1613948fb0d2e765b,1734,,7/13/2021 9:58:34 AM,7/13/2021 9:59:00 AM,,0,0,16,13.96,432x768,0,,Fogadd el ha két ember szereti egymást!,Published,Normal,False
17758,Video,,2534,PositionChange,35eda971-7641-4b3d-be98-36b65e74511d,7/26/2021 12:29:10 AM,r10f267908049f9a4ce23dbf28b9140c,1734,,7/15/2021 3:33:17 PM,7/15/2021 3:33:25 PM,,0,0,17,17.98,360x480,0,,"Ismerd meg a világot, ossz meg másokkal is különböző perspektívákat!",Published,Normal,False
17759,Video,,2534,PositionChange,35eda971-7641-4b3d-be98-36b65e74511d,7/26/2021 12:29:11 AM,r10f267908049f9a4ce23dbf28b9140c,1734,,7/15/2021 3:33:17 PM,7/15/2021 3:33:25 PM,,0,0,18,17.98,360x480,0,,"Ismerd meg a világot, ossz meg másokkal is különböző perspektívákat!",Published,Normal,False
17760,Video,,2543,PositionChange,35eda971-7641-4b3d-be98-36b65e74511d,7/26/2021 12:29:11 AM,r1883ab70cf5d7cd30899bbaf2e4bb47,1734,,7/18/2021 7:59:58 AM,7/18/2021 8:01:13 AM,Email provided,0,0,17,38.94,432x324,0,,"Vonulj a Pride-on, a befogadásért, az elfogadásért!",Published,Normal,False
17761,Video,,2534,PositionChange,35eda971-7641-4b3d-be98-36b65e74511d,7/26/2021 12:29:14 AM,r10f267908049f9a4ce23dbf28b9140c,1734,,7/15/2021 3:33:17 PM,7/15/2021 3:33:25 PM,,0,0,19,17.98,360x480,0,,"Ismerd meg a világot, ossz meg másokkal is különböző perspektívákat!",Published,Normal,False
17762,Video,,2584,PositionChange,35eda971-7641-4b3d-be98-36b65e74511d,7/26/2021 12:29:14 AM,r1bb5d54176dd9a580b60349cbfbf41f,1734,,7/25/2021 7:34:08 PM,7/25/2021 7:35:03 PM,,0,0,18,43.32,432x477,0,,"Szólalj föl te is, hogy az alapvető jogok mindenki számára biztosítva legyenek, gyűlöletkeltés nélkül!",Published,Normal,False
17763,Video,,2516,PositionChange,35eda971-7641-4b3d-be98-36b65e74511d,7/26/2021 12:29:25 AM,r1f6f314815ca09e6789638a972f3bf6,1734,,7/9/2021 10:46:49 AM,7/9/2021 10:47:07 AM,,0,0,8,8.37,432x697,0,,"Vedd ki a részed, önkénteskedj!",Published,Normal,False
17764,Video,,2525,PositionChange,35eda971-7641-4b3d-be98-36b65e74511d,7/26/2021 12:29:25 AM,r1f70c40405f990f0af0dc07c4972834,1734,,7/12/2021 9:38:42 PM,7/12/2021 9:39:28 PM,,0,0,7,35.8,432x477,0,,"Szólalj fel! Támogasd az Amnestyt, hogy folytathassuk az emberi jogi munkát! ",Published,Normal,False
17765,Video,,2516,PositionChange,35eda971-7641-4b3d-be98-36b65e74511d,7/26/2021 12:29:27 AM,r1f6f314815ca09e6789638a972f3bf6,1734,,7/9/2021 10:46:49 AM,7/9/2021 10:47:07 AM,,0,0,11,8.37,432x697,0,,"Vedd ki a részed, önkénteskedj!",Published,Normal,False
17766,Video,,2523,PositionChange,35eda971-7641-4b3d-be98-36b65e74511d,7/26/2021 12:29:27 AM,r1a49fe10757240696078292307613b6,1734,,7/9/2021 7:04:13 PM,7/9/2021 7:04:46 PM,,0,0,8,26.57,355x768,0,,"Légy másokkal empatikus, odafigyelő, nyitott, mosolygós :)",Published,Normal,False
17767,Video,,2516,PositionChange,35eda971-7641-4b3d-be98-36b65e74511d,7/26/2021 12:29:28 AM,r1f6f314815ca09e6789638a972f3bf6,1734,,7/9/2021 10:46:49 AM,7/9/2021 10:47:07 AM,,0,0,12,8.37,432x697,0,,"Vedd ki a részed, önkénteskedj!",Published,Normal,False
17768,Video,,2524,PositionChange,35eda971-7641-4b3d-be98-36b65e74511d,7/26/2021 12:29:28 AM,r1eb632a6a8ffffdcd565eec70414667,1734,,7/11/2021 9:08:23 AM,7/11/2021 9:09:03 AM,,0,0,11,12.88,432x697,0,,"Tájékozódj több forrásból, gondolkozz kritikusan! ",Published,Normal,False
17769,Video,,2514,PositionChange,35eda971-7641-4b3d-be98-36b65e74511d,7/26/2021 12:29:29 AM,r12e27537bbbd76a9cb60ddcc567df8a,1734,,7/9/2021 8:23:16 AM,7/9/2021 8:23:23 AM,,0,0,12,8.67,360x480,0,,Önkénteskedj!,Published,Normal,False
17770,Video,,2516,PositionChange,35eda971-7641-4b3d-be98-36b65e74511d,7/26/2021 12:29:29 AM,r1f6f314815ca09e6789638a972f3bf6,1734,,7/9/2021 10:46:49 AM,7/9/2021 10:47:07 AM,,0,0,13,8.37,432x697,0,,"Vedd ki a részed, önkénteskedj!",Published,Normal,False
17771,Video,,2516,PositionChange,35eda971-7641-4b3d-be98-36b65e74511d,7/26/2021 12:29:30 AM,r1f6f314815ca09e6789638a972f3bf6,1734,,7/9/2021 10:46:49 AM,7/9/2021 10:47:07 AM,,0,0,14,8.37,432x697,0,,"Vedd ki a részed, önkénteskedj!",Published,Normal,False
17772,Video,,2522,PositionChange,35eda971-7641-4b3d-be98-36b65e74511d,7/26/2021 12:29:30 AM,r14b794fff2ad45ab56d9404b73c2a79,1734,,7/9/2021 3:55:26 PM,7/9/2021 3:55:34 PM,,0,0,13,17.97,360x480,0,,"Kezdeményezz dialógust! Mutass példát, és motiváld cselekvésre a körülötted lévőket is!",Published,Normal,False
17773,Video,,2516,PositionChange,35eda971-7641-4b3d-be98-36b65e74511d,7/26/2021 12:29:31 AM,r1f6f314815ca09e6789638a972f3bf6,1734,,7/9/2021 10:46:49 AM,7/9/2021 10:47:07 AM,,0,0,16,8.37,432x697,0,,"Vedd ki a részed, önkénteskedj!",Published,Normal,False
17774,Video,,2527,PositionChange,35eda971-7641-4b3d-be98-36b65e74511d,7/26/2021 12:29:31 AM,r16cacd631ccd7f1613948fb0d2e765b,1734,,7/13/2021 9:58:34 AM,7/13/2021 9:59:00 AM,,0,0,14,13.96,432x768,0,,Fogadd el ha két ember szereti egymást!,Published,Normal,False
17775,Video,,2516,PositionChange,35eda971-7641-4b3d-be98-36b65e74511d,7/26/2021 12:29:32 AM,r1f6f314815ca09e6789638a972f3bf6,1734,,7/9/2021 10:46:49 AM,7/9/2021 10:47:07 AM,,0,0,17,8.37,432x697,0,,"Vedd ki a részed, önkénteskedj!",Published,Normal,False
17776,Video,,2543,PositionChange,35eda971-7641-4b3d-be98-36b65e74511d,7/26/2021 12:29:32 AM,r1883ab70cf5d7cd30899bbaf2e4bb47,1734,,7/18/2021 7:59:58 AM,7/18/2021 8:01:13 AM,Email provided,0,0,16,38.94,432x324,0,,"Vonulj a Pride-on, a befogadásért, az elfogadásért!",Published,Normal,False
17777,Video,,2516,PositionChange,35eda971-7641-4b3d-be98-36b65e74511d,7/26/2021 12:29:33 AM,r1f6f314815ca09e6789638a972f3bf6,1734,,7/9/2021 10:46:49 AM,7/9/2021 10:47:07 AM,,0,0,18,8.37,432x697,0,,"Vedd ki a részed, önkénteskedj!",Published,Normal,False
17778,Video,,2584,PositionChange,35eda971-7641-4b3d-be98-36b65e74511d,7/26/2021 12:29:33 AM,r1bb5d54176dd9a580b60349cbfbf41f,1734,,7/25/2021 7:34:08 PM,7/25/2021 7:35:03 PM,,0,0,17,43.32,432x477,0,,"Szólalj föl te is, hogy az alapvető jogok mindenki számára biztosítva legyenek, gyűlöletkeltés nélkül!",Published,Normal,False
17779,Video,,2514,PositionChange,35eda971-7641-4b3d-be98-36b65e74511d,7/26/2021 12:29:39 AM,r12e27537bbbd76a9cb60ddcc567df8a,1734,,7/9/2021 8:23:16 AM,7/9/2021 8:23:23 AM,,0,0,11,8.67,360x480,0,,Önkénteskedj!,Published,Normal,False
17780,Video,,2524,PositionChange,35eda971-7641-4b3d-be98-36b65e74511d,7/26/2021 12:29:39 AM,r1eb632a6a8ffffdcd565eec70414667,1734,,7/11/2021 9:08:23 AM,7/11/2021 9:09:03 AM,,0,0,12,12.88,432x697,0,,"Tájékozódj több forrásból, gondolkozz kritikusan! ",Published,Normal,False
17781,Video,,2522,PositionChange,35eda971-7641-4b3d-be98-36b65e74511d,7/26/2021 12:29:40 AM,r14b794fff2ad45ab56d9404b73c2a79,1734,,7/9/2021 3:55:26 PM,7/9/2021 3:55:34 PM,,0,0,12,17.97,360x480,0,,"Kezdeményezz dialógust! Mutass példát, és motiváld cselekvésre a körülötted lévőket is!",Published,Normal,False
17782,Video,,2524,PositionChange,35eda971-7641-4b3d-be98-36b65e74511d,7/26/2021 12:29:40 AM,r1eb632a6a8ffffdcd565eec70414667,1734,,7/11/2021 9:08:23 AM,7/11/2021 9:09:03 AM,,0,0,13,12.88,432x697,0,,"Tájékozódj több forrásból, gondolkozz kritikusan! ",Published,Normal,False
17783,Video,,2524,PositionChange,35eda971-7641-4b3d-be98-36b65e74511d,7/26/2021 12:29:43 AM,r1eb632a6a8ffffdcd565eec70414667,1734,,7/11/2021 9:08:23 AM,7/11/2021 9:09:03 AM,,0,0,14,12.88,432x697,0,,"Tájékozódj több forrásból, gondolkozz kritikusan! ",Published,Normal,False
17784,Video,,2527,PositionChange,35eda971-7641-4b3d-be98-36b65e74511d,7/26/2021 12:29:43 AM,r16cacd631ccd7f1613948fb0d2e765b,1734,,7/13/2021 9:58:34 AM,7/13/2021 9:59:00 AM,,0,0,13,13.96,432x768,0,,Fogadd el ha két ember szereti egymást!,Published,Normal,False
17785,Video,,2524,PositionChange,35eda971-7641-4b3d-be98-36b65e74511d,7/26/2021 12:29:45 AM,r1eb632a6a8ffffdcd565eec70414667,1734,,7/11/2021 9:08:23 AM,7/11/2021 9:09:03 AM,,0,0,16,12.88,432x697,0,,"Tájékozódj több forrásból, gondolkozz kritikusan! ",Published,Normal,False
17786,Video,,2543,PositionChange,35eda971-7641-4b3d-be98-36b65e74511d,7/26/2021 12:29:45 AM,r1883ab70cf5d7cd30899bbaf2e4bb47,1734,,7/18/2021 7:59:58 AM,7/18/2021 8:01:13 AM,Email provided,0,0,14,38.94,432x324,0,,"Vonulj a Pride-on, a befogadásért, az elfogadásért!",Published,Normal,False
17787,Video,,2515,PositionChange,35eda971-7641-4b3d-be98-36b65e74511d,7/26/2021 12:29:57 AM,r1b999fa6a7ad6e0495d19291ad178f6,1734,,7/9/2021 10:05:43 AM,7/9/2021 10:06:05 AM,,0,0,6,10.52,432x324,0,,"Mutass példát, legyél elfogadó!",Published,Normal,False
17788,Video,,2518,PositionChange,35eda971-7641-4b3d-be98-36b65e74511d,7/26/2021 12:29:57 AM,r18111b9a8f090bd79e50119a118d911,1734,,7/9/2021 11:32:52 AM,7/9/2021 11:33:16 AM,,0,0,5,14.16,432x697,0,,Önkénteskedj! Vállald fel magad! Érzékenyítsd a környezeted!,Published,Normal,False
17789,Video,,2515,PositionChange,35eda971-7641-4b3d-be98-36b65e74511d,7/26/2021 12:29:59 AM,r1b999fa6a7ad6e0495d19291ad178f6,1734,,7/9/2021 10:05:43 AM,7/9/2021 10:06:05 AM,,0,0,7,10.52,432x324,0,,"Mutass példát, legyél elfogadó!",Published,Normal,False
17790,Video,,2525,PositionChange,35eda971-7641-4b3d-be98-36b65e74511d,7/26/2021 12:29:59 AM,r1f70c40405f990f0af0dc07c4972834,1734,,7/12/2021 9:38:42 PM,7/12/2021 9:39:28 PM,,0,0,6,35.8,432x477,0,,"Szólalj fel! Támogasd az Amnestyt, hogy folytathassuk az emberi jogi munkát! ",Published,Normal,False
17791,Video,,2515,PositionChange,35eda971-7641-4b3d-be98-36b65e74511d,7/26/2021 12:29:59 AM,r1b999fa6a7ad6e0495d19291ad178f6,1734,,7/9/2021 10:05:43 AM,7/9/2021 10:06:05 AM,,0,0,8,10.52,432x324,0,,"Mutass példát, legyél elfogadó!",Published,Normal,False
17792,Video,,2523,PositionChange,35eda971-7641-4b3d-be98-36b65e74511d,7/26/2021 12:29:59 AM,r1a49fe10757240696078292307613b6,1734,,7/9/2021 7:04:13 PM,7/9/2021 7:04:46 PM,,0,0,7,26.57,355x768,0,,"Légy másokkal empatikus, odafigyelő, nyitott, mosolygós :)",Published,Normal,False
17793,Video,,2514,PositionChange,35eda971-7641-4b3d-be98-36b65e74511d,7/26/2021 12:30:00 AM,r12e27537bbbd76a9cb60ddcc567df8a,1734,,7/9/2021 8:23:16 AM,7/9/2021 8:23:23 AM,,0,0,8,8.67,360x480,0,,Önkénteskedj!,Published,Normal,False
17794,Video,,2515,PositionChange,35eda971-7641-4b3d-be98-36b65e74511d,7/26/2021 12:30:00 AM,r1b999fa6a7ad6e0495d19291ad178f6,1734,,7/9/2021 10:05:43 AM,7/9/2021 10:06:05 AM,,0,0,11,10.52,432x324,0,,"Mutass példát, legyél elfogadó!",Published,Normal,False
17795,Video,,2515,PositionChange,35eda971-7641-4b3d-be98-36b65e74511d,7/26/2021 12:30:01 AM,r1b999fa6a7ad6e0495d19291ad178f6,1734,,7/9/2021 10:05:43 AM,7/9/2021 10:06:05 AM,,0,0,12,10.52,432x324,0,,"Mutass példát, legyél elfogadó!",Published,Normal,False
17796,Video,,2522,PositionChange,35eda971-7641-4b3d-be98-36b65e74511d,7/26/2021 12:30:01 AM,r14b794fff2ad45ab56d9404b73c2a79,1734,,7/9/2021 3:55:26 PM,7/9/2021 3:55:34 PM,,0,0,11,17.97,360x480,0,,"Kezdeményezz dialógust! Mutass példát, és motiváld cselekvésre a körülötted lévőket is!",Published,Normal,False
17797,Video,,2515,PositionChange,35eda971-7641-4b3d-be98-36b65e74511d,7/26/2021 12:30:01 AM,r1b999fa6a7ad6e0495d19291ad178f6,1734,,7/9/2021 10:05:43 AM,7/9/2021 10:06:05 AM,,0,0,13,10.52,432x324,0,,"Mutass példát, legyél elfogadó!",Published,Normal,False
17798,Video,,2527,PositionChange,35eda971-7641-4b3d-be98-36b65e74511d,7/26/2021 12:30:01 AM,r16cacd631ccd7f1613948fb0d2e765b,1734,,7/13/2021 9:58:34 AM,7/13/2021 9:59:00 AM,,0,0,12,13.96,432x768,0,,Fogadd el ha két ember szereti egymást!,Published,Normal,False
17799,Video,,2515,PositionChange,35eda971-7641-4b3d-be98-36b65e74511d,7/26/2021 12:30:02 AM,r1b999fa6a7ad6e0495d19291ad178f6,1734,,7/9/2021 10:05:43 AM,7/9/2021 10:06:05 AM,,0,0,14,10.52,432x324,0,,"Mutass példát, legyél elfogadó!",Published,Normal,False
17800,Video,,2543,PositionChange,35eda971-7641-4b3d-be98-36b65e74511d,7/26/2021 12:30:02 AM,r1883ab70cf5d7cd30899bbaf2e4bb47,1734,,7/18/2021 7:59:58 AM,7/18/2021 8:01:13 AM,Email provided,0,0,13,38.94,432x324,0,,"Vonulj a Pride-on, a befogadásért, az elfogadásért!",Published,Normal,False
17801,Video,,2515,PositionChange,35eda971-7641-4b3d-be98-36b65e74511d,7/26/2021 12:30:02 AM,r1b999fa6a7ad6e0495d19291ad178f6,1734,,7/9/2021 10:05:43 AM,7/9/2021 10:06:05 AM,,0,0,16,10.52,432x324,0,,"Mutass példát, legyél elfogadó!",Published,Normal,False
17802,Video,,2524,PositionChange,35eda971-7641-4b3d-be98-36b65e74511d,7/26/2021 12:30:02 AM,r1eb632a6a8ffffdcd565eec70414667,1734,,7/11/2021 9:08:23 AM,7/11/2021 9:09:03 AM,,0,0,14,12.88,432x697,0,,"Tájékozódj több forrásból, gondolkozz kritikusan! ",Published,Normal,False
17803,Video,,2515,PositionChange,35eda971-7641-4b3d-be98-36b65e74511d,7/26/2021 12:30:03 AM,r1b999fa6a7ad6e0495d19291ad178f6,1734,,7/9/2021 10:05:43 AM,7/9/2021 10:06:05 AM,,0,0,17,10.52,432x324,0,,"Mutass példát, legyél elfogadó!",Published,Normal,False
17804,Video,,2584,PositionChange,35eda971-7641-4b3d-be98-36b65e74511d,7/26/2021 12:30:03 AM,r1bb5d54176dd9a580b60349cbfbf41f,1734,,7/25/2021 7:34:08 PM,7/25/2021 7:35:03 PM,,0,0,16,43.32,432x477,0,,"Szólalj föl te is, hogy az alapvető jogok mindenki számára biztosítva legyenek, gyűlöletkeltés nélkül!",Published,Normal,False
17805,Video,,2517,PositionChange,35eda971-7641-4b3d-be98-36b65e74511d,7/26/2021 12:30:13 AM,r151dcc1e552e2df758ad22c9311fe3e,1734,,7/9/2021 11:17:30 AM,7/9/2021 11:17:38 AM,,0,0,4,9.64,360x480,0,,Beszélgess az emberi jogokról!,Published,Normal,False
17806,Video,,2519,PositionChange,35eda971-7641-4b3d-be98-36b65e74511d,7/26/2021 12:30:13 AM,r1c47317ddabb2c280e05a43b36f2a87,1734,,7/9/2021 11:42:30 AM,7/9/2021 11:42:44 AM,,0,0,3,13.41,360x480,0,,"Legyél emberi jogi aktivista! Légy önmagad, és ne kérj érte bocsánatot!",Published,Normal,False
17807,Video,,2517,PositionChange,35eda971-7641-4b3d-be98-36b65e74511d,7/26/2021 12:30:14 AM,r151dcc1e552e2df758ad22c9311fe3e,1734,,7/9/2021 11:17:30 AM,7/9/2021 11:17:38 AM,,0,0,3,9.64,360x480,0,,Beszélgess az emberi jogokról!,Published,Normal,False
17808,Video,,2519,PositionChange,35eda971-7641-4b3d-be98-36b65e74511d,7/26/2021 12:30:14 AM,r1c47317ddabb2c280e05a43b36f2a87,1734,,7/9/2021 11:42:30 AM,7/9/2021 11:42:44 AM,,0,0,4,13.41,360x480,0,,"Legyél emberi jogi aktivista! Légy önmagad, és ne kérj érte bocsánatot!",Published,Normal,False
17809,Video,,2517,PositionChange,35eda971-7641-4b3d-be98-36b65e74511d,7/26/2021 12:30:15 AM,r151dcc1e552e2df758ad22c9311fe3e,1734,,7/9/2021 11:17:30 AM,7/9/2021 11:17:38 AM,,0,0,4,9.64,360x480,0,,Beszélgess az emberi jogokról!,Published,Normal,False
17810,Video,,2519,PositionChange,35eda971-7641-4b3d-be98-36b65e74511d,7/26/2021 12:30:15 AM,r1c47317ddabb2c280e05a43b36f2a87,1734,,7/9/2021 11:42:30 AM,7/9/2021 11:42:44 AM,,0,0,3,13.41,360x480,0,,"Legyél emberi jogi aktivista! Légy önmagad, és ne kérj érte bocsánatot!",Published,Normal,False
17811,Video,,2517,PositionChange,35eda971-7641-4b3d-be98-36b65e74511d,7/26/2021 12:30:16 AM,r151dcc1e552e2df758ad22c9311fe3e,1734,,7/9/2021 11:17:30 AM,7/9/2021 11:17:38 AM,,0,0,5,9.64,360x480,0,,Beszélgess az emberi jogokról!,Published,Normal,False
17812,Video,,2518,PositionChange,35eda971-7641-4b3d-be98-36b65e74511d,7/26/2021 12:30:16 AM,r18111b9a8f090bd79e50119a118d911,1734,,7/9/2021 11:32:52 AM,7/9/2021 11:33:16 AM,,0,0,4,14.16,432x697,0,,Önkénteskedj! Vállald fel magad! Érzékenyítsd a környezeted!,Published,Normal,False
17813,Video,,2517,PositionChange,35eda971-7641-4b3d-be98-36b65e74511d,7/26/2021 12:30:16 AM,r151dcc1e552e2df758ad22c9311fe3e,1734,,7/9/2021 11:17:30 AM,7/9/2021 11:17:38 AM,,0,0,6,9.64,360x480,0,,Beszélgess az emberi jogokról!,Published,Normal,False
17814,Video,,2525,PositionChange,35eda971-7641-4b3d-be98-36b65e74511d,7/26/2021 12:30:16 AM,r1f70c40405f990f0af0dc07c4972834,1734,,7/12/2021 9:38:42 PM,7/12/2021 9:39:28 PM,,0,0,5,35.8,432x477,0,,"Szólalj fel! Támogasd az Amnestyt, hogy folytathassuk az emberi jogi munkát! ",Published,Normal,False
17815,Video,,2517,PositionChange,35eda971-7641-4b3d-be98-36b65e74511d,7/26/2021 12:30:16 AM,r151dcc1e552e2df758ad22c9311fe3e,1734,,7/9/2021 11:17:30 AM,7/9/2021 11:17:38 AM,,0,0,7,9.64,360x480,0,,Beszélgess az emberi jogokról!,Published,Normal,False
17816,Video,,2523,PositionChange,35eda971-7641-4b3d-be98-36b65e74511d,7/26/2021 12:30:16 AM,r1a49fe10757240696078292307613b6,1734,,7/9/2021 7:04:13 PM,7/9/2021 7:04:46 PM,,0,0,6,26.57,355x768,0,,"Légy másokkal empatikus, odafigyelő, nyitott, mosolygós :)",Published,Normal,False
17817,Video,,2514,PositionChange,35eda971-7641-4b3d-be98-36b65e74511d,7/26/2021 12:30:16 AM,r12e27537bbbd76a9cb60ddcc567df8a,1734,,7/9/2021 8:23:16 AM,7/9/2021 8:23:23 AM,,0,0,7,8.67,360x480,0,,Önkénteskedj!,Published,Normal,False
17818,Video,,2517,PositionChange,35eda971-7641-4b3d-be98-36b65e74511d,7/26/2021 12:30:16 AM,r151dcc1e552e2df758ad22c9311fe3e,1734,,7/9/2021 11:17:30 AM,7/9/2021 11:17:38 AM,,0,0,8,9.64,360x480,0,,Beszélgess az emberi jogokról!,Published,Normal,False
17819,Video,,2517,PositionChange,35eda971-7641-4b3d-be98-36b65e74511d,7/26/2021 12:30:17 AM,r151dcc1e552e2df758ad22c9311fe3e,1734,,7/9/2021 11:17:30 AM,7/9/2021 11:17:38 AM,,0,0,11,9.64,360x480,0,,Beszélgess az emberi jogokról!,Published,Normal,False
17820,Video,,2522,PositionChange,35eda971-7641-4b3d-be98-36b65e74511d,7/26/2021 12:30:17 AM,r14b794fff2ad45ab56d9404b73c2a79,1734,,7/9/2021 3:55:26 PM,7/9/2021 3:55:34 PM,,0,0,8,17.97,360x480,0,,"Kezdeményezz dialógust! Mutass példát, és motiváld cselekvésre a körülötted lévőket is!",Published,Normal,False
17821,Video,,2517,PositionChange,35eda971-7641-4b3d-be98-36b65e74511d,7/26/2021 12:30:17 AM,r151dcc1e552e2df758ad22c9311fe3e,1734,,7/9/2021 11:17:30 AM,7/9/2021 11:17:38 AM,,0,0,12,9.64,360x480,0,,Beszélgess az emberi jogokról!,Published,Normal,False
17822,Video,,2527,PositionChange,35eda971-7641-4b3d-be98-36b65e74511d,7/26/2021 12:30:17 AM,r16cacd631ccd7f1613948fb0d2e765b,1734,,7/13/2021 9:58:34 AM,7/13/2021 9:59:00 AM,,0,0,11,13.96,432x768,0,,Fogadd el ha két ember szereti egymást!,Published,Normal,False
17823,Video,,2517,PositionChange,35eda971-7641-4b3d-be98-36b65e74511d,7/26/2021 12:30:18 AM,r151dcc1e552e2df758ad22c9311fe3e,1734,,7/9/2021 11:17:30 AM,7/9/2021 11:17:38 AM,,0,0,13,9.64,360x480,0,,Beszélgess az emberi jogokról!,Published,Normal,False
17824,Video,,2543,PositionChange,35eda971-7641-4b3d-be98-36b65e74511d,7/26/2021 12:30:18 AM,r1883ab70cf5d7cd30899bbaf2e4bb47,1734,,7/18/2021 7:59:58 AM,7/18/2021 8:01:13 AM,Email provided,0,0,12,38.94,432x324,0,,"Vonulj a Pride-on, a befogadásért, az elfogadásért!",Published,Normal,False
17825,Video,,2517,PositionChange,35eda971-7641-4b3d-be98-36b65e74511d,7/26/2021 12:30:18 AM,r151dcc1e552e2df758ad22c9311fe3e,1734,,7/9/2021 11:17:30 AM,7/9/2021 11:17:38 AM,,0,0,14,9.64,360x480,0,,Beszélgess az emberi jogokról!,Published,Normal,False
17826,Video,,2524,PositionChange,35eda971-7641-4b3d-be98-36b65e74511d,7/26/2021 12:30:18 AM,r1eb632a6a8ffffdcd565eec70414667,1734,,7/11/2021 9:08:23 AM,7/11/2021 9:09:03 AM,,0,0,13,12.88,432x697,0,,"Tájékozódj több forrásból, gondolkozz kritikusan! ",Published,Normal,False
17827,Video,,2517,PositionChange,35eda971-7641-4b3d-be98-36b65e74511d,7/26/2021 12:30:18 AM,r151dcc1e552e2df758ad22c9311fe3e,1734,,7/9/2021 11:17:30 AM,7/9/2021 11:17:38 AM,,0,0,16,9.64,360x480,0,,Beszélgess az emberi jogokról!,Published,Normal,False
17828,Video,,2584,PositionChange,35eda971-7641-4b3d-be98-36b65e74511d,7/26/2021 12:30:18 AM,r1bb5d54176dd9a580b60349cbfbf41f,1734,,7/25/2021 7:34:08 PM,7/25/2021 7:35:03 PM,,0,0,14,43.32,432x477,0,,"Szólalj föl te is, hogy az alapvető jogok mindenki számára biztosítva legyenek, gyűlöletkeltés nélkül!",Published,Normal,False
17829,Video,,2515,PositionChange,35eda971-7641-4b3d-be98-36b65e74511d,7/26/2021 12:30:18 AM,r1b999fa6a7ad6e0495d19291ad178f6,1734,,7/9/2021 10:05:43 AM,7/9/2021 10:06:05 AM,,0,0,16,10.52,432x324,0,,"Mutass példát, legyél elfogadó!",Published,Normal,False
17830,Video,,2517,PositionChange,35eda971-7641-4b3d-be98-36b65e74511d,7/26/2021 12:30:18 AM,r151dcc1e552e2df758ad22c9311fe3e,1734,,7/9/2021 11:17:30 AM,7/9/2021 11:17:38 AM,,0,0,17,9.64,360x480,0,,Beszélgess az emberi jogokról!,Published,Normal,False
17831,Video,,2516,PositionChange,35eda971-7641-4b3d-be98-36b65e74511d,7/26/2021 12:30:19 AM,r1f6f314815ca09e6789638a972f3bf6,1734,,7/9/2021 10:46:49 AM,7/9/2021 10:47:07 AM,,0,0,17,8.37,432x697,0,,"Vedd ki a részed, önkénteskedj!",Published,Normal,False
17832,Video,,2517,PositionChange,35eda971-7641-4b3d-be98-36b65e74511d,7/26/2021 12:30:19 AM,r151dcc1e552e2df758ad22c9311fe3e,1734,,7/9/2021 11:17:30 AM,7/9/2021 11:17:38 AM,,0,0,18,9.64,360x480,0,,Beszélgess az emberi jogokról!,Published,Normal,False
17833,Video,,2524,PositionChange,35eda971-7641-4b3d-be98-36b65e74511d,7/26/2021 12:30:26 AM,r1eb632a6a8ffffdcd565eec70414667,1734,,7/11/2021 9:08:23 AM,7/11/2021 9:09:03 AM,,0,0,14,12.88,432x697,0,,"Tájékozódj több forrásból, gondolkozz kritikusan! ",Published,Normal,False
17834,Video,,2584,PositionChange,35eda971-7641-4b3d-be98-36b65e74511d,7/26/2021 12:30:26 AM,r1bb5d54176dd9a580b60349cbfbf41f,1734,,7/25/2021 7:34:08 PM,7/25/2021 7:35:03 PM,,0,0,13,43.32,432x477,0,,"Szólalj föl te is, hogy az alapvető jogok mindenki számára biztosítva legyenek, gyűlöletkeltés nélkül!",Published,Normal,False
17835,Video,,2518,PositionChange,35eda971-7641-4b3d-be98-36b65e74511d,7/26/2021 12:30:34 AM,r18111b9a8f090bd79e50119a118d911,1734,,7/9/2021 11:32:52 AM,7/9/2021 11:33:16 AM,,0,0,3,14.16,432x697,0,,Önkénteskedj! Vállald fel magad! Érzékenyítsd a környezeted!,Published,Normal,False
17836,Video,,2519,PositionChange,35eda971-7641-4b3d-be98-36b65e74511d,7/26/2021 12:30:34 AM,r1c47317ddabb2c280e05a43b36f2a87,1734,,7/9/2021 11:42:30 AM,7/9/2021 11:42:44 AM,,0,0,4,13.41,360x480,0,,"Legyél emberi jogi aktivista! Légy önmagad, és ne kérj érte bocsánatot!",Published,Normal,False
17837,Video,,2519,PositionChange,35eda971-7641-4b3d-be98-36b65e74511d,7/26/2021 12:30:36 AM,r1c47317ddabb2c280e05a43b36f2a87,1734,,7/9/2021 11:42:30 AM,7/9/2021 11:42:44 AM,,0,0,5,13.41,360x480,0,,"Legyél emberi jogi aktivista! Légy önmagad, és ne kérj érte bocsánatot!",Published,Normal,False
17838,Video,,2525,PositionChange,35eda971-7641-4b3d-be98-36b65e74511d,7/26/2021 12:30:36 AM,r1f70c40405f990f0af0dc07c4972834,1734,,7/12/2021 9:38:42 PM,7/12/2021 9:39:28 PM,,0,0,4,35.8,432x477,0,,"Szólalj fel! Támogasd az Amnestyt, hogy folytathassuk az emberi jogi munkát! ",Published,Normal,False
17839,Video,,2519,PositionChange,35eda971-7641-4b3d-be98-36b65e74511d,7/26/2021 12:30:36 AM,r1c47317ddabb2c280e05a43b36f2a87,1734,,7/9/2021 11:42:30 AM,7/9/2021 11:42:44 AM,,0,0,6,13.41,360x480,0,,"Legyél emberi jogi aktivista! Légy önmagad, és ne kérj érte bocsánatot!",Published,Normal,False
17840,Video,,2523,PositionChange,35eda971-7641-4b3d-be98-36b65e74511d,7/26/2021 12:30:36 AM,r1a49fe10757240696078292307613b6,1734,,7/9/2021 7:04:13 PM,7/9/2021 7:04:46 PM,,0,0,5,26.57,355x768,0,,"Légy másokkal empatikus, odafigyelő, nyitott, mosolygós :)",Published,Normal,False
17841,Video,,2514,PositionChange,35eda971-7641-4b3d-be98-36b65e74511d,7/26/2021 12:30:37 AM,r12e27537bbbd76a9cb60ddcc567df8a,1734,,7/9/2021 8:23:16 AM,7/9/2021 8:23:23 AM,,0,0,6,8.67,360x480,0,,Önkénteskedj!,Published,Normal,False
17842,Video,,2519,PositionChange,35eda971-7641-4b3d-be98-36b65e74511d,7/26/2021 12:30:37 AM,r1c47317ddabb2c280e05a43b36f2a87,1734,,7/9/2021 11:42:30 AM,7/9/2021 11:42:44 AM,,0,0,7,13.41,360x480,0,,"Legyél emberi jogi aktivista! Légy önmagad, és ne kérj érte bocsánatot!",Published,Normal,False
17843,Video,,2519,PositionChange,35eda971-7641-4b3d-be98-36b65e74511d,7/26/2021 12:30:41 AM,r1c47317ddabb2c280e05a43b36f2a87,1734,,7/9/2021 11:42:30 AM,7/9/2021 11:42:44 AM,,0,0,8,13.41,360x480,0,,"Legyél emberi jogi aktivista! Légy önmagad, és ne kérj érte bocsánatot!",Published,Normal,False
17844,Video,,2522,PositionChange,35eda971-7641-4b3d-be98-36b65e74511d,7/26/2021 12:30:41 AM,r14b794fff2ad45ab56d9404b73c2a79,1734,,7/9/2021 3:55:26 PM,7/9/2021 3:55:34 PM,,0,0,7,17.97,360x480,0,,"Kezdeményezz dialógust! Mutass példát, és motiváld cselekvésre a körülötted lévőket is!",Published,Normal,False
17845,Video,,2519,PositionChange,35eda971-7641-4b3d-be98-36b65e74511d,7/26/2021 12:30:42 AM,r1c47317ddabb2c280e05a43b36f2a87,1734,,7/9/2021 11:42:30 AM,7/9/2021 11:42:44 AM,,0,0,11,13.41,360x480,0,,"Legyél emberi jogi aktivista! Légy önmagad, és ne kérj érte bocsánatot!",Published,Normal,False
17846,Video,,2527,PositionChange,35eda971-7641-4b3d-be98-36b65e74511d,7/26/2021 12:30:42 AM,r16cacd631ccd7f1613948fb0d2e765b,1734,,7/13/2021 9:58:34 AM,7/13/2021 9:59:00 AM,,0,0,8,13.96,432x768,0,,Fogadd el ha két ember szereti egymást!,Published,Normal,False
17847,Video,,2514,PositionChange,35eda971-7641-4b3d-be98-36b65e74511d,7/26/2021 12:30:46 AM,r12e27537bbbd76a9cb60ddcc567df8a,1734,,7/9/2021 8:23:16 AM,7/9/2021 8:23:23 AM,,0,0,5,8.67,360x480,0,,Önkénteskedj!,Published,Normal,False
17848,Video,,2523,PositionChange,35eda971-7641-4b3d-be98-36b65e74511d,7/26/2021 12:30:46 AM,r1a49fe10757240696078292307613b6,1734,,7/9/2021 7:04:13 PM,7/9/2021 7:04:46 PM,,0,0,6,26.57,355x768,0,,"Légy másokkal empatikus, odafigyelő, nyitott, mosolygós :)",Published,Normal,False
18030,Video,,2646,Created,System,8/17/2021 6:27:16 AM,r1034ee68b9d6c27f12c26d488aa5763,1734,,8/17/2021 6:26:44 AM,8/17/2021 6:26:56 AM,,0,0,23,2.7199999999999998,432x697,0,,,Created,Normal,False
18031,Video,,2647,Created,System,8/17/2021 6:28:19 AM,r1c04fcf54a5aedc526d9fda2b64a38f,1734,,8/17/2021 6:27:52 AM,8/17/2021 6:28:03 AM,bitebrigitta9@gmail.com,0,0,24,1.8,432x697,0,,,Created,Normal,False
18032,Video,,2646,Delete,35eda971-7641-4b3d-be98-36b65e74511d,8/18/2021 11:58:06 AM,r1034ee68b9d6c27f12c26d488aa5763,1734,,8/17/2021 6:26:44 AM,8/17/2021 6:26:56 AM,,0,0,23,2.7199999999999998,432x697,0,,,Created,Normal,True
23766,Video,,3525,Created,System,12/30/2021 12:16:45 PM,r1a9cbfefea97a6ccc91a15a7b864231,1734,,12/30/2021 12:14:15 PM,12/30/2021 12:15:48 PM,,0,0,25,67.92,432x768,0,,,Created,Normal,False
23790,Video,,3528,Created,System,1/7/2022 12:34:59 PM,r153efd2ebccd6a5a511f3c56ce3972c,1734,"pending,submitted,{""threadId"":1734}",1/7/2022 12:33:51 PM,1/7/2022 12:34:25 PM,,0,0,26,12.4,,0,,,Created,Normal,False
23791,Video,"{""OldToken"":""r153efd2ebccd6a5a511f3c56ce3972c"",""NewToken"":""r1584d338d179bb6341a07bb98fd9fcb""}",3528,CoverImageRefreshed,ced6b967-533d-4615-bc78-413ec0691e89,1/7/2022 12:35:09 PM,r1584d338d179bb6341a07bb98fd9fcb,1734,"pending,submitted,{""threadId"":1734}",1/7/2022 12:33:51 PM,1/7/2022 12:34:25 PM,,0,0,26,12.4,,0,,,Created,Normal,False
23792,Video,,3528,CMNote,ced6b967-533d-4615-bc78-413ec0691e89,1/7/2022 12:35:21 PM,r1584d338d179bb6341a07bb98fd9fcb,1734,"pending,submitted,{""threadId"":1734}",1/7/2022 12:33:51 PM,1/7/2022 12:34:25 PM,,0,0,26,12.4,,0,előző videó vágott verziója,,Created,Normal,False
23797,Video,,3530,Created,System,1/12/2022 2:57:12 PM,r177b59ab88f683058f6e48e6000845e,1734,,1/12/2022 2:55:40 PM,1/12/2022 2:56:15 PM,eszterkovacs2010@gmail.com,0,0,27,22.18,432x768,0,,,Created,Normal,False
23863,Video,,3530,CustomLabel,35eda971-7641-4b3d-be98-36b65e74511d,1/14/2022 1:51:58 PM,r177b59ab88f683058f6e48e6000845e,1734,,1/12/2022 2:55:40 PM,1/12/2022 2:56:15 PM,Email provided,0,0,27,22.18,432x768,0,,"Hass a környezetedre! ",Created,Normal,False
23864,Video,,3530,CustomLabel,35eda971-7641-4b3d-be98-36b65e74511d,1/14/2022 1:53:33 PM,r177b59ab88f683058f6e48e6000845e,1734,,1/12/2022 2:55:40 PM,1/12/2022 2:56:15 PM,Email provided,0,0,27,22.18,432x768,0,,"Hass pozitívan a környezetedre! ",Created,Normal,False
23865,Video,,3530,Publish,35eda971-7641-4b3d-be98-36b65e74511d,1/14/2022 1:53:35 PM,r177b59ab88f683058f6e48e6000845e,1734,,1/12/2022 2:55:40 PM,1/12/2022 2:56:15 PM,Email provided,0,0,27,22.18,432x768,0,,"Hass pozitívan a környezetedre! ",Published,Normal,False
23866,Video,,3528,CustomLabel,35eda971-7641-4b3d-be98-36b65e74511d,1/14/2022 1:54:08 PM,r1584d338d179bb6341a07bb98fd9fcb,1734,"pending,submitted,{""threadId"":1734}",1/7/2022 12:33:51 PM,1/7/2022 12:34:25 PM,,0,0,26,12.4,,0,előző videó vágott verziója,Állj ki az elveidért!,Created,Normal,False
23867,Video,,3528,Publish,35eda971-7641-4b3d-be98-36b65e74511d,1/14/2022 1:54:09 PM,r1584d338d179bb6341a07bb98fd9fcb,1734,"pending,submitted,{""threadId"":1734}",1/7/2022 12:33:51 PM,1/7/2022 12:34:25 PM,,0,0,26,12.4,,0,előző videó vágott verziója,Állj ki az elveidért!,Published,Normal,False
23868,Video,,2647,Delete,35eda971-7641-4b3d-be98-36b65e74511d,1/14/2022 1:54:29 PM,r1c04fcf54a5aedc526d9fda2b64a38f,1734,,8/17/2021 6:27:52 AM,8/17/2021 6:28:03 AM,Email provided,0,0,24,1.8,432x697,0,,,Created,Normal,True
23869,Video,,3528,CustomLabel,35eda971-7641-4b3d-be98-36b65e74511d,1/14/2022 1:55:19 PM,r1584d338d179bb6341a07bb98fd9fcb,1734,"pending,submitted,{""threadId"":1734}",1/7/2022 12:33:51 PM,1/7/2022 12:34:25 PM,,0,0,26,12.4,,0,előző videó vágott verziója,Képviseld az elveidért!,Published,Normal,False
23870,Video,,3528,CustomLabel,35eda971-7641-4b3d-be98-36b65e74511d,1/14/2022 1:55:23 PM,r1584d338d179bb6341a07bb98fd9fcb,1734,"pending,submitted,{""threadId"":1734}",1/7/2022 12:33:51 PM,1/7/2022 12:34:25 PM,,0,0,26,12.4,,0,előző videó vágott verziója,Képviseld az elveidet!,Published,Normal,False
24101,Video,,3565,Created,System,3/9/2022 1:02:16 PM,r1054496b455e43924eb361eb55da612,1734,,3/9/2022 1:00:25 PM,3/9/2022 1:01:27 PM,latoszerv47@gmail.com,0,0,28,49.96,432x768,0,,,Created,Normal,False
